url,label
https://artemperor.tw/news,1
https://tpml.gov.taipei/News_Content.aspx?n=221B1426177ADA7B&sms=9D72E82EC16F3E64&s=D7E38D1634332ADA,0
https://www.nhi.gov.tw/AreaData.aspx?q=2&n=163B8937FBE0F186,0
https://artemperor.tw/people,1
https://www.yatsen.gov.tw/content_106.html,0
https://www.twse.com.tw/zh/page/trading/indices/TWT91U.html,0
https://artemperor.tw/international,1
https://www.beclass.com/default.php?name=Event&op=explode_info,0
https://tmofa.tycg.gov.tw/ch/services/services/file,0
https://artemperor.tw/topic/%E8%97%9D%E6%96%87%E8%B7%A8%E7%95%8C,1
https://www.nhi.gov.tw/Content_List.aspx?n=2C8172653893C2D1&topn=1E1039BE19C4DCAC,0
https://www.tpqc.com.tw/%e6%8f%90%e4%be%9b%e6%9c%8d%e5%8b%99/,0
https://artemperor.tw/markets,1
https://coss.ntu.edu.tw/News_Content_n_11241_s_109470.html,0
https://www.npm.gov.tw/Articles.aspx?sno=02000178&l=1,0
https://artemperor.tw/focus,1
https://www.tfam.museum/Research/Promotion.aspx,0
https://www.twse.com.tw/zh/page/about/company/official-document.html,0
https://common.tnnua.edu.tw/p/403-1050-1384-1.php?Lang=zh-tw,1
https://www.nmtl.gov.tw/publicationmorelist?uid=176,0
https://www.yatsen.gov.tw/activitysoonlist_258.html?date=2023/03/22,0
https://coss.ntu.edu.tw/News_n_88_sms_19598.html,1
https://accessibility.moda.gov.tw/Applications/Detail?category=20211007165908,0
https://www.shoppingdesign.com.tw/post/category/photography,0
https://coss.ntu.edu.tw/News_n_88_sms_19598__CSN_1848.html,1
https://coss.ntu.edu.tw/prevention.html,0
https://www.tpqc.com.tw/%E5%A0%B4%E5%9C%B0%E7%A7%9F%E7%94%A8/%E5%8F%B0%E5%8C%97%E6%9D%BE%E6%B1%9F%E9%A4%A8/,0
https://coss.ntu.edu.tw/News_n_10719_sms_19598__CSN_1848.html,1
https://www.taiwan.net.tw/m1.aspx?sNo=0042883,0
https://house.udn.com/house/index?familybar_hide,0
https://coss.ntu.edu.tw/News_n_10719_sms_19598.html,1
https://www.tpqc.com.tw/wp-content/uploads/2022/08/%E8%B3%87%E7%AD%96%E6%9C%83-1030x222.png,0
http://www.construction.taichung.gov.tw/27769/27862/27895/,0
https://coss.ntu.edu.tw/News_n_10719_sms_19598__CSN_1666.html,1
https://www.travel.taipei/zh-tw/pictorial/article/44292,0
https://www.cmoney.tw/jobs/,0
https://coss.ntu.edu.tw/News_n_10821_sms_19598__CSN_0.html,1
https://philomedium.com/blog/category/130,0
https://m.me/traveltaoyuan,0
https://coss.ntu.edu.tw/News_n_10821_sms_19598__CSN_1666.html,1
https://www.nhi.gov.tw/Content_List.aspx?n=29A8F6B67829AA3F&topn=5FE8C9FEAE863B46,0
https://www.travel.taipei/zh-tw/information/links,0
https://coss.ntu.edu.tw/News_n_10719_sms_19598__CSN_0.html,1
https://tpml.gov.taipei/News_Content.aspx?n=057F7CE33AEF867C&sms=9D72E82EC16F3E64&s=DCF0DD92D91ADE04,0
https://www.koryu.or.jp/tw/tabid2339.html,0
https://event.moc.gov.tw/sp.asp?xdurl=ccEvent2016/eventSearchList.asp&ev_start=20180704&ev_end=&dateLimit=&ev_city=&ev_char1=A1&ev_char2=&ev_char3=&stitle=&ev_series_id=&ev_place=&ev_location=&ev_format=&ev_shower=&dept_name=&ev_xx=&currentPage=2&groupingField=ev_city_g;ev_format_g&groupingValue=%E6%A1%83%E5%9C%92%E5%B8%82;%E5%B1%95%E8%A6%BD&ctNode=676&mp=1&pageSize=100,1
https://mocatpe.tw/art04c6Aua,0
https://www.secretariat.taichung.gov.tw/14565/14571/14595/,0
https://event.moc.gov.tw/sp.asp?xdurl=HySearchG22016/SearchResult.asp&ctNode=676&mp=1,1
https://www.trippois.com/poi-5803-%E6%B8%85%E5%A2%83%E8%BE%B2%E5%A0%B4,0
https://coss.ntu.edu.tw/ResearchCenter.html,0
https://event.moc.gov.tw/mp.asp?mp=1,1
https://travel.tycg.gov.tw/zh-tw/travel/mapnavigate,0
https://www.tainanoutlook.com/blog?page=5,0
https://event.moc.gov.tw/sp.asp?xdurl=ccEvent2016%2FeventSearchList.asp&ctNode=676&mp=1&action=query&cstkn=B137974F-9602-99FC-25A9-CBBDB50B1A21&stitle=&ev_place=&ev_start_m=&ev_start=&ev_end_m=&ev_end=&ev_city=&ev_format=all&ev_char1=all&Search=%E6%9F%A5%E8%A9%A2,1
https://www.trippois.com/city-%E5%98%89%E7%BE%A9,0
https://jp.taiwan.net.tw/,0
https://event.moc.gov.tw/sp.asp?xdurl=ccEvent2016/eventSearchList.asp&ev_char1=A3&ev_start=2023-03-15&action=query&ctNode=676&mp=1,1
https://www.tpqc.com.tw/%e5%90%88%e4%bd%9c%e6%8f%90%e6%a1%88/,0
https://philomedium.com/faq,0
https://event.moc.gov.tw/sp.asp?xdurl=ccEvent2016/eventSearchList.asp&ev_char1=A4&ev_start=2023-03-15&action=query&ctNode=676&mp=1,1
https://www.taiwan.net.tw/m1.aspx?sNo=0001019&lid=081087,0
https://www.afmc.gov.tw/ManagerIntroduction,0
https://event.moc.gov.tw/sp.asp?xdurl=ccEvent2016/eventSearchList.asp&ev_char1=A2&ev_start=2023-03-15&action=query&ctNode=676&mp=1,1
https://www.taiwan.net.tw/m1.aspx?sNo=0001016&id=658,0
https://www.nhi.gov.tw/Content_List.aspx?n=72ED571F3DF63C9A&topn=787128DAD5F71B1A,0
https://event.moc.gov.tw/sp.asp?xdurl=ccEvent2016/eventSearchList.asp&ev_char1=B0&ev_start=2023-03-15&action=query&ctNode=676&mp=1,1
https://www.cmoney.tw/learn/collect/,0
https://edesk.nhi.gov.tw/f37web/,0
https://event.moc.gov.tw/sp.asp?xdurl=ccEvent2016/eventSearchList.asp&ev_char1=B1&ev_start=2023-03-15&action=query&ctNode=676&mp=1,1
http://www.rdec.taichung.gov.tw/12047/12142/12186/,0
https://www.afmc.gov.tw/Activity_detail/5b38225decb940d3a1da3173fa2066fe?start=2023%2F03%2F15&end=2023%2F09%2F16,0
https://event.moc.gov.tw/sp.asp?xdurl=ccEvent2016/eventSearchList.asp&ev_char1=B2&ev_start=2023-03-15&action=query&ctNode=676&mp=1,1
https://www.nhi.gov.tw/Content_List.aspx?n=971D725699A0B010&topn=23C660CAACAA159D,0
https://www.koryu.or.jp/tw/business/japanese/consign/,0
https://event.moc.gov.tw/sp.asp?xdurl=ccEvent2016/eventSearchList.asp&ev_char1=B3&ev_start=2023-03-15&action=query&ctNode=676&mp=1,1
https://tpml.gov.taipei/News_Content.aspx?n=F969DE2A717178AE&sms=9D72E82EC16F3E64&s=26600844B478D057,0
https://tickets.udnfunlife.com/application/UTK02/UTK0206_.aspx,0
https://event.moc.gov.tw/sp.asp?xdurl=ccEvent2016/eventSearchList.asp&ev_char1=B4&ev_start=2023-03-15&action=query&ctNode=676&mp=1,1
https://www.npm.gov.tw/Articles.aspx?sno=02000180&l=1,0
https://www.moc.gov.tw/,0
https://event.moc.gov.tw/sp.asp?xdurl=ccEvent2016/eventSearchList.asp&ev_char1=C0&ev_start=2023-03-15&action=query&ctNode=676&mp=1,1
https://www.yatsen.gov.tw/content_277.html,0
https://event.moc.gov.tw/sp.asp?xdurl=ccEvent2016/ccEvent_cp.asp&cuItem=2614330&ctNode=676&mp=1,0
https://event.moc.gov.tw/sp.asp?xdurl=ccEvent2016/eventSearchList.asp&ev_char1=D1&ev_start=2023-03-15&action=query&ctNode=676&mp=1,1
https://todaay.artemperor.tw/,0
https://artemperor.tw/featured/13,0
https://event.moc.gov.tw/sp.asp?xdurl=ccEvent2016/eventSearchList.asp&ev_char1=I7&ev_start=2023-03-15&action=query&ctNode=676&mp=1,1
https://coss.ntu.edu.tw/News_Content_n_10821_s_103107.html,0
http://www.gov.taipei/,0
https://event.moc.gov.tw/sp.asp?xdurl=ccEvent2016/eventSearchList.asp&ev_char1=I8&ev_start=2023-03-15&action=query&ctNode=676&mp=1,1
https://travel.tycg.gov.tw/zh-tw/travel/child-venue,0
https://www.koryu.or.jp/tw/business/young/photo/,0
https://event.moc.gov.tw/sp.asp?xdurl=ccEvent2016/eventSearchList.asp&ev_start=2023-03-25&action=query&ctNode=676&mp=1,1
"https://common.tnnua.edu.tw/p/406-1050-33563,r192.php?Lang=zh-tw",0
https://www.shoppingdesign.com.tw/post/view/8449,0
https://event.culture.tw/NTCRI/portal/Registration/C0102MAction,1
https://www.nhi.gov.tw/BBS_Detail.aspx?n=73CEDFC921268679&sms=D6D5367550F18590&s=51D3C0F86174334A,0
https://www.koryu.or.jp/tw/visa/taipei/exemption/detail1/,0
https://isports.sa.gov.tw/apps/TIS/TIS02/TIS0201M_01V1.aspx?ACT_TP_CD=2&MENU_PRG_CD=1&ITEM_PRG_CD=2,1
https://www.twse.com.tw/zh/page/products/stock-code1.html,0
http://bilingual.gov.taipei/,0
https://isports.sa.gov.tw/Apps/TIS/TIS02/TIS0201M_01v1.aspx?ACT_TP_CD=3&MENU_PRG_CD=1&ITEM_PRG_CD=3,1
https://www.tfam.museum/Exhibition/Exhibition_Special.aspx?ddlLang=zh-tw&id=722,0
https://www.instagram.com/explore/tags/%E5%8F%B0%E7%81%A3%E5%AE%A2%E5%AE%B6%E8%8C%B6%E6%96%87%E5%8C%96%E9%A4%A8,0
https://isports.sa.gov.tw/Apps/TIS/PFM05/PFM0560M_01V1.aspx?MENU_PRG_CD=1&ITEM_PRG_CD=6,1
https://alerts.ncdr.nat.gov.tw/index.aspx?Mes=418399,0
https://alerts.ncdr.nat.gov.tw/index.aspx?Mes=418405,0
https://isports.sa.gov.tw/apps/NewsList.aspx,1
https://www.twse.com.tw/zh/page/products/info-vendor/use.html,0
https://www.twse.com.tw/zh/page/listed/listed_company/new_listing.html,0
https://isports.sa.gov.tw/apps/FessayList.aspx?SYS=MTG&MENU_CD=M15&ITEM_CD=T06&MENU_PRG_CD=1&ITEM_PRG_CD=3,1
https://www.kmfa.gov.tw/CollectionListC003110.aspx?Pindex=1,0
https://www.facebook.com/TainanArtMuseum/,0
https://isports.sa.gov.tw/apps/FessayList.aspx?SYS=MTG&MENU_CD=M15&ITEM_CD=T06&MENU_PRG_CD=1,1
https://travel.tycg.gov.tw/zh-tw/multimedia/filmcategory,0
https://artemperor.tw/focus/5274,0
https://kktix.com/events?event_tag_ids_in=2,1
https://tmofa.tycg.gov.tw/ch/services/executive-info,0
https://www.instagram.com/explore/tags/%E5%B0%8F%E4%BA%BA%E5%9C%8B,0
https://kktix.com/events,1
https://tpml.gov.taipei/News_Content.aspx?n=E492D531630BC406&sms=78D644F2755ACCAA&s=1D3CE66BF6E4A159,0
https://wwwacc.ntl.edu.tw/mp.asp?mp=14,0
https://kktix.com/events?category_id=2,1
https://group.cmoney.tw/about/,0
https://www.koryu.or.jp/tw/reception-izumi-2022/,0
https://kktix.com/events?category_id=4,1
http://www.mocataipei.org.tw/tw/About/%E6%AD%B7%E5%8F%B2%E6%B2%BF%E9%9D%A9,0
https://www.nhi.gov.tw/PublicJoin/Registration_Detail.aspx?n=81045A8AEC902FC9&sms=36A0BB334ECB4011&EventID=3007&EvetnType=R,0
https://kktix.com/events?category_id=11,1
https://alerts.ncdr.nat.gov.tw/index.aspx?Mes=416644,0
https://www.hepingdrc.gov.tw/,0
https://kktix.com/events?category_id=7,1
https://www.songshanculturalpark.org/solicitation/submission/348b9834-2ad7-4c2c-bec6-7f2dbcfb27b3,0
https://artemperor.tw/knowledge/artists,0
https://kktix.com/events?category_id=6,1
https://travel.tycg.gov.tw/zh-tw/siteinformation/gwoia,0
https://www.travel.taipei/zh-tw/pictorial/article/44286,0
https://kktix.com/events?category_id=8,1
https://www.ntl.edu.tw/lp.asp?ctNode=1688&CtUnit=236&BaseDSD=58&mp=1,0
https://www.cmoney.tw/forum/partnership/,0
https://kktix.com/events?utf8=%E2%9C%93&search=&max_price=&min_price=&start_at=&end_at=&event_tag_ids_in=13,1
https://tickets.udnfunlife.com/application/UTK02/UTK0201_.aspx?PRODUCT_ID=N27Q0Q76&kdid=A03,0
https://tpml.gov.taipei/cp.aspx?n=BAC8F9C5045F866C,0
https://kktix.com/events?utf8=%E2%9C%93&search=&max_price=&min_price=&start_at=&end_at=&event_tag_ids_in=13%2C30,1
https://www.tainanoutlook.com/michelin-map,0
https://philomedium.com/taxonomy/term/3869,0
https://philomedium.com/event/category/106,1
https://english.tpml.gov.taipei/,0
https://www.nhi.gov.tw/Content_List.aspx?n=6973A3A25B7A3719&topn=5FE8C9FEAE863B46,0
https://philomedium.com/content/event,1
https://www.npm.gov.tw/Articles.aspx?sno=05012660&l=1,0
https://coss.ntu.edu.tw/ResearchCenter.html,0
https://philomedium.com/event/category/740,1
https://www.taiwan.net.tw/m1.aspx?sNo=0000115,0
https://south.npm.gov.tw/,0
https://philomedium.com/event/category/542,1
https://tpml.gov.taipei/News_Content.aspx?n=3951678DEC0A8461&sms=9D72E82EC16F3E64&s=8A13850F51B61826,0
https://philomedium.com/biblio/82450,0
https://philomedium.com/event/category/107,1
https://www.afmc.gov.tw/Disability,0
https://www.tfam.museum/Common/editor.aspx?id=39,0
https://philomedium.com/event/category/105,1
https://www.npm.gov.tw/Articles.aspx?sno=04009231&l=2,0
https://artemperor.tw/knowledge/history,0
https://philomedium.com/event/category/126,1
https://www.tainanoutlook.com/blog/caring-for-blackfaced-spoonbill,0
https://tpml.gov.taipei/News_Content.aspx?n=D1D6AE837B940A58&sms=B37AE0883845392F&s=1877A95D5883A20A,0
https://philomedium.com/event/category/3923,1
https://www.ntl.edu.tw/ct.asp?xItem=82264&ctNode=1674&mp=1,0
https://www.yatsen.gov.tw/content_101.html,0
https://philomedium.com/event/category/1146,1
https://tpml.gov.taipei/News_Content.aspx?n=46DB3B01B71B7C58&sms=87415A8B9CE81B16&s=65D1D7A1CB2D4AD1,0
https://event.moc.gov.tw/sp.asp?xdurl=ccEvent2016/ccEvent_cp.asp&cuItem=2626542&ctNode=676&mp=1,0
https://philomedium.com/event/space-of-reason,1
https://www.taiwan.net.tw/m1.aspx?sNo=0000106,0
http://library-tmofa.tycg.gov.tw/webpacIndex.jsp,0
https://philomedium.com/event/philo-talk,1
https://www.tpqc.com.tw/%e7%94%b3%e8%ab%8b%e9%a0%88%e7%9f%a5/,0
https://www.nhi.gov.tw/Content_List.aspx?n=8DD16558F83C7596&topn=23C660CAACAA159D,0
https://tickets.udnfunlife.com/application/UTK01/UTK0101_03.aspx?Category=231,1
https://www.twse.com.tw/zh/clearing/download/pfmidisclosure20180912zh.pdf,0
https://www.taiwan.net.tw/m1.aspx?sNo=0001016&id=C100_395,0
https://tickets.udnfunlife.com/application/UTK01/UTK0101_03.aspx?Category=116&kdid=cateList,1
https://www.shoppingdesign.com.tw/post/category/beauty,0
https://philomedium.com/content/quotation,0
https://tickets.udnfunlife.com/application/UTK01/UTK0101_03.aspx?Category=163&kdid=cateList,1
https://www.yatsen.gov.tw/content_99.html,0
http://chungshanhall.ntl.edu.tw/,0
https://tickets.udnfunlife.com/application/UTK01/UTK0101_03.aspx?Category=77&kdid=cateList,1
https://www.songshanculturalpark.org/exhibition/activity/bde200cf-d7bd-4dd5-93c8-fdcaaad4be4d,0
https://www.yatsen.gov.tw/,0
https://tickets.udnfunlife.com/application/UTK01/UTK0101_03.aspx?Category=100&kdid=cateList,1
https://www.ntl.edu.tw/np.asp?ctNode=2450&CtUnit=1298&BaseDSD=7&mp=1,0
https://www.twse.com.tw/zh/page/search.html,0
https://tickets.udnfunlife.com/application/UTK01/UTK0101_03.aspx?Category=205&kdid=cateList,1
https://www.bnext.com.tw/podcast/291/bn-sound-20230314071814-aggdrkef,0
https://www.yatsen.gov.tw/activitysoonlist_258.html?date=2023/03/30,0
https://tickets.udnfunlife.com/application/UTK01/UTK0101_03.aspx?Category=129&kdid=cateList,1
https://www.tpqc.com.tw/wp-content/uploads/2022/08/%E5%8F%B0%E7%81%A3%E5%A3%BD%E5%8F%B8%E9%83%8E.png,0
https://www.tpqc.com.tw/wp-content/uploads/2016/11/logo_%E5%BA%B7%E8%BB%92%E6%96%87%E6%95%99.jpg,0
https://tickets.udnfunlife.com/application/UTK01/UTK0101_03.aspx?Category=999&kdid=cateList,1
https://www.kmfa.gov.tw/onlinegallery/ARVRlive/ZODIACCOW.htm,0
https://event.moc.gov.tw/sp.asp?xdurl=ccEvent2016/sellTicket.asp&ctNode=683&mp=1,0
https://tickets.udnfunlife.com/application/UTK01/UTK0101_03.aspx?Category=218&kdid=cateList,1
https://www.bnext.com.tw/categories/Martech,0
https://www.tpqc.com.tw/%E6%89%80%E6%9C%89%E8%AA%B2%E7%A8%8B/,0
https://tickets.udnfunlife.com/application/UTK01/UTK0101_03.aspx?Category=232&kdid=cateList,1
https://www.tfam.museum/Common/editor.aspx?id=64,0
https://www.nhi.gov.tw/Content_List.aspx?n=0C94BBACEDF62951&topn=787128DAD5F71B1A,0
https://uevent.udnfunlife.com/events.php,1
https://www.tnam.museum/service/sitemap,0
https://www.tpqc.com.tw/wp-content/uploads/2016/11/%E5%8D%97%E8%8F%AF%E5%A4%A7%E5%AD%B8.png,0
https://uevent.udnfunlife.com/events/Exhibition,1
https://www.taichung.gov.tw/2299094/post,0
https://ntmofa-collections.ntmofa.gov.tw/AboutAuthorization.aspx,0
https://uevent.udnfunlife.com/events/Performance,1
http://www.kmfa.gov.tw/Visit/IntroductionEnvironment/milieuEcologicalPark,0
https://blog.accupass.com/?utm_source=web&utm_medium=home&utm_campaign=accu_footer_text_1,0
https://uevent.udnfunlife.com/events/Concert,1
https://www.taiwan.net.tw/m1.aspx?sNo=0001019&lid=081015,0
https://lin.ee/1V6YKde,0
https://uevent.udnfunlife.com/events/Theater,1
https://www.koryu.or.jp/tw/news/offer/?itemid=2234&dispmid=4270,0
https://www.kmfa.gov.tw/AboutUs/AboutKmfa/AboutKmfa02.htm,0
https://tmc.taipei/show/,1
https://chihan.kktix.cc/events/lrkw0w,0
https://www.twse.com.tw/zh/page/trading/indices/TAI50I.html,0
https://tmc.taipei/news/activity/,1
https://philomedium.com/taxonomy/term/2138,0
https://tmofa.tycg.gov.tw/ch/library/visitor-information,0
https://tmc.taipei/show/event/,1
https://www.nhi.gov.tw/kid/homepage.html,0
"https://common.tnnua.edu.tw/p/406-1050-37939,r1384.php?Lang=zh-tw",0
https://tmc.taipei/show/event/?show_category=concert&industry_category=,1
https://www.kmfa.gov.tw/VideoListC003452.aspx?appname=VideoListC003452,0
https://accupass.pse.is/whmblog,0
https://tmc.taipei/show/event/?show_category=events-seminars&industry_category=,1
https://artemperor.tw/albums,0
https://tickets.udnfunlife.com/application/UTK13/UTK1301_.aspx?type=f,0
https://tmc.taipei/show/event/?show_category=%25e5%25b1%2595%25e6%25bc%2594%25e6%25b4%25bb%25e5%258b%2595%25e7%25b4%2580%25e9%258c%2584&industry_category=,1
https://www.koryu.or.jp/tw/business/scholarship/tabid2044.html,0
https://www.tpqc.com.tw/wp-content/uploads/2022/08/%E5%90%88%E4%BD%9C%E9%87%91%E5%BA%AB.png,0
https://tmc.taipei/show/event/?show_category=%25e9%259f%25b3%25e6%25a8%2582%25e5%258a%2587&industry_category=,1
https://travel.tycg.gov.tw/zh-tw/traffic/passenger,0
https://www.taiwan.net.tw/m1.aspx?sNo=0001019&lid=081096,0
https://tmc.taipei/show/event/?show_category=%25e6%25bc%2594%25e5%25a5%258f%25e6%259c%2583&industry_category=,1
https://www.afmc.gov.tw/Link,0
https://isports.sa.gov.tw/apps/News.aspx?SYS=TIS&PKNO=1007,0
https://tmc.taipei/show/event/?show_category=comedy&industry_category=,1
https://tpml.gov.taipei/News_Content.aspx?n=46DB3B01B71B7C58&sms=87415A8B9CE81B16&s=65D1D7A1CB2D4AD1,0
https://p.udn.com.tw/upf/upeople/index.html?familybar_hide,0
https://tmc.taipei/show/event/?show_category=exhibitions&industry_category=,1
https://www.trippois.com/pois-%E9%87%91%E9%96%80,0
https://www.twtc.com.tw/meeting2,0
https://tmofa.tycg.gov.tw/ch/exhibitions/upcoming-exhibitions,1
https://www.accupass.com/terms/accupass_terms?utm_source=web&utm_medium=home&utm_campaign=accu_web_header,0
https://www.ntl.edu.tw/sp.asp?xdurl=Form_RWD/epaper.asp&mp=1&ctNode=1669,0
https://tmofa.tycg.gov.tw/ch/exhibitions/current-exhibitions,1
https://tmofa-vol.tycg.gov.tw/,0
https://www.travel.taipei/zh-tw/pictorial/list?page=1,0
https://tmofa.tycg.gov.tw/ch/events/current-events,1
https://www.youtube.com/channel/UCsMmmORsX_YNttWyI2jUDpQ,0
https://dsp.twse.com.tw/,0
https://tmofa.tycg.gov.tw/ch/news/latest-news,1
https://www.nmtl.gov.tw/informationlist?uid=190,0
https://www.shoppingdesign.com.tw/post/category/accommodation,0
https://tmofa.tycg.gov.tw/ch/news/popular-events,1
https://www.tnam.museum/event/detail/393,0
https://accessibility.twse.com.tw/zh/,0
https://tpml.gov.taipei/News.aspx?n=D86E817AA7D0F758&sms=9D72E82EC16F3E64,1
https://www.yatsen.gov.tw/informationlist_147.html,0
https://www.nhi.gov.tw/Content_List.aspx?n=FF49D51A5E0BFF38&topn=5FE8C9FEAE863B46,0
https://tpml.gov.taipei/News.aspx?n=3951678DEC0A8461&sms=9D72E82EC16F3E64,1
https://travel.tycg.gov.tw/zh-tw/event/news/4419,0
https://www.twse.com.tw/zh/page/ETN/summary.html,0
https://tpml.gov.taipei/News.aspx?n=3951678DEC0A8461&sms=9D72E82EC16F3E64&_CSN=BD92F924C1D9415B,1
https://www.taiwan.net.tw/m1.aspx?sNo=0027009,0
https://blog.accupass.com/2022-year-end-party-game.html,0
https://tpml.gov.taipei/News.aspx?n=3951678DEC0A8461&sms=9D72E82EC16F3E64&_CSN=21F5328D1C4174DB,1
https://imedia.culture.tw/channel/nmtl/zh_tw/index,0
https://www.twse.com.tw/zh/company/applylistingTdr,0
https://tpml.gov.taipei/News.aspx?n=3951678DEC0A8461&sms=9D72E82EC16F3E64&_CSN=E2553E271A1C8E62,1
https://www.afmc.gov.tw/Link,0
https://www.tpqc.com.tw/%e5%a0%b4%e5%9c%b0%e7%a7%9f%e7%94%a8%e8%be%a6%e6%b3%95/,0
https://tpml.gov.taipei/News.aspx?n=3951678DEC0A8461&sms=9D72E82EC16F3E64&_CSN=6A88C51004574777,1
https://www.bnext.com.tw/categories/developer,0
https://www.cmoney.tw/forum/download/usstock,0
https://tpml.gov.taipei/News.aspx?n=3951678DEC0A8461&sms=9D72E82EC16F3E64&_CSN=678395BFD2EDD9A5,1
https://www.taiwan.net.tw/m1.aspx?sNo=0020503,0
https://tpml.gov.taipei/News_Content.aspx?n=ED2EE1869DC03FD4&sms=B91FAC687D63798C&s=22A8E694D28AA672,0
https://tpml.gov.taipei/News.aspx?n=3951678DEC0A8461&sms=9D72E82EC16F3E64&_CSN=B4A17D785CC5F976,1
https://www.taiwan.net.tw/m1.aspx?sno=0001127,0
https://www.cmoney.tw/app/ItemContent.aspx?id=3627,0
https://tpml.gov.taipei/News.aspx?n=3951678DEC0A8461&sms=9D72E82EC16F3E64&_CSN=E685E4202BF686B2,1
https://www.tlvm.com.tw/zh/Theme/ExhibitionCont2?LLid=62,0
https://www.koryu.or.jp/tw/business/japanese/consign/,0
https://tpml.gov.taipei/News.aspx?n=3951678DEC0A8461&sms=9D72E82EC16F3E64&_CSN=51F094346D926D9C,1
https://www.nhi.gov.tw/Content_List.aspx?n=971D725699A0B010&topn=23C660CAACAA159D,0
https://event.culture.tw/NTMOFA/portal/Registration/C0103MAction?actId=30009,0
https://tpml.gov.taipei/News.aspx?n=3951678DEC0A8461&sms=9D72E82EC16F3E64&_CSN=9B4947AB5A6B3393,1
https://americancorner-tpml.gov.taipei/,0
https://www.koryu.or.jp/tw/about/kaohsiung/access/,0
https://tpml.gov.taipei/News.aspx?n=3951678DEC0A8461&sms=9D72E82EC16F3E64&_CSN=9BD0BF0173484C9D,1
https://www.taichung.gov.tw/9954/Normalnodelist,0
https://www.twtc.com.tw/mart_specification,0
https://tpml.gov.taipei/News.aspx?n=057F7CE33AEF867C&sms=9D72E82EC16F3E64,1
https://philomedium.com/report/category/102,0
https://www.npm.gov.tw/Exhibition-Content.aspx?sno=04011127&l=1,0
https://tpml.gov.taipei/News.aspx?n=0ABA8AD1CA47FB95&sms=9D72E82EC16F3E64,1
https://cmy.tw/00ARY3,0
https://www.taiwan.net.tw/m1.aspx?sNo=0000106,0
https://tpml.gov.taipei/News.aspx?n=5D2E11726CF36220&sms=9D72E82EC16F3E64,1
https://www.taiwan.net.tw/m1.aspx?sNo=0001016&id=A12-00075,0
http://support.accupass.com/knowledgebase/articles/1890754-cookies-policy%E8%AA%AA%E6%98%8E,0
https://tpml.gov.taipei/News.aspx?n=140BA0303A5481B1&sms=9D72E82EC16F3E64,1
https://www.shoppingdesign.com.tw/search/tag/%E9%9F%B3%E6%A8%82%E6%96%B0%E4%B8%96%E4%BB%A3,0
https://www.twse.com.tw/zh/page/products/trading/information5.html,0
https://tpml.gov.taipei/News.aspx?n=F969DE2A717178AE&sms=9D72E82EC16F3E64,1
https://www.trippois.com/hotels-%E9%9B%B2%E6%9E%97,0
https://www.koryu.or.jp/tw/business/study/followup/2018/,0
https://tpml.gov.taipei/News.aspx?n=49F42C0F3A955E81&sms=9D72E82EC16F3E64,1
https://www.nhi.gov.tw/Content_List.aspx?n=B3925A5BE92D057F&topn=23C660CAACAA159D,0
https://goo.gl/zdRp77,0
https://tpml.gov.taipei/News.aspx?n=6A0DA3B123146C23&sms=9D72E82EC16F3E64,1
https://www.trippois.com/pois-%E5%BD%B0%E5%8C%96,0
https://www.nhi.gov.tw/Content_List.aspx?n=F358B237278D9167&topn=787128DAD5F71B1A,0
https://tpml.gov.taipei/News.aspx?n=F8FD5D9EF29F532C&sms=9D72E82EC16F3E64,1
https://tpml.gov.taipei/News_Content.aspx?n=E492D531630BC406&sms=78D644F2755ACCAA&s=D93EC01ADDEC154B,0
https://tmofa.tycg.gov.tw/ch/news/latest-news/327,0
https://tpml.gov.taipei/News.aspx?n=515AAD71B13B7DDA&sms=9D72E82EC16F3E64,1
https://www.yatsen.gov.tw/imgresourcelist_290.html,0
https://www.facebook.com/tmofa.hcac,0
https://tpml.gov.taipei/News.aspx?n=69875ADDAA924B49&sms=9D72E82EC16F3E64,1
https://tmofa.tycg.gov.tw/ch/online-art/online-exhibition,0
https://tln.nmtl.gov.tw/ch/index.aspx,0
https://tpml.gov.taipei/News.aspx?n=A1F57F21C8E92351&sms=9D72E82EC16F3E64,1
https://www.koryu.or.jp/tw/business/japanese/abilitytest/,0
https://www.ntl.edu.tw/np.asp?ctNode=1747&mp=1,0
https://tpml.gov.taipei/News.aspx?n=221B1426177ADA7B&sms=9D72E82EC16F3E64,1
https://www.bnext.com.tw/article/74333/klook-japan-gm-2023,0
https://www.yatsen.gov.tw/activitysoonlist_258.html?date=2023/03/26,0
https://tpml.gov.taipei/News.aspx?n=CD95C4D3959B2B22&sms=30DD9E04E5AA83D9,1
https://eshop.twse.com.tw/zh/,0
https://www.tpqc.com.tw/wp-content/uploads/2022/08/%E5%BB%BA%E5%9C%8B%E4%B8%AD%E5%AD%B8.png,0
https://tpml.gov.taipei/News.aspx?n=CD95C4D3959B2B22&sms=30DD9E04E5AA83D9&_CSN=EECFEBE195BB50E3,1
https://www.sinyischool.org.tw/course/view/1004,0
https://alerts.ncdr.nat.gov.tw/index.aspx?Mes=415978,0
https://tpml.gov.taipei/News.aspx?n=CD95C4D3959B2B22&sms=30DD9E04E5AA83D9&_CSN=1AB805CA1B7F5A7E,1
https://alerts.ncdr.nat.gov.tw/index.aspx?Mes=419791,0
https://www.taoyuan-airport.com/main_ch/index.aspx,0
https://tpml.gov.taipei/News.aspx?n=2CEE14B4E51C3AC8&sms=374153BF7E730933,1
https://www.taichung.gov.tw/9951/Normalnodelist,0
https://www.nhi.gov.tw/,0
https://tpml.gov.taipei/News.aspx?n=16B1C97B7BB71624&sms=72544237BBE4C5F6,1
https://coss.ntu.edu.tw/CultivatingTalents.html,0
https://www.bnext.com.tw/categories/service,0
https://travel.tycg.gov.tw/zh-tw/event/calendar,1
https://story.udn.com/dcstore/Index.do?familybar_hide,0
https://www.taichung.gov.tw/10149/Lpsimplelist,0
https://travel.tycg.gov.tw/zh-tw/event/calendar/2023,1
https://tpml.gov.taipei/News.aspx?n=CD4793DE89132E89&sms=71AD87982060791E,0
https://www.songshanculturalpark.org/solicitation/submission/348b9834-2ad7-4c2c-bec6-7f2dbcfb27b3,0
https://travel.tycg.gov.tw/zh-tw/event/calendar/2024,1
https://japanese.tpml.gov.taipei/,0
https://www.taiwan.net.tw/m1.aspx?sNo=0001019&lid=081067,0
https://travel.tycg.gov.tw/zh-tw/event,1
https://www.twtc.com.tw/market,0
https://www.trippois.com/pois-%E5%9F%BA%E9%9A%86,0
https://www.accupass.com/search?p=free&utm_source=accupass&utm_medium=web_header&utm_campaign=accu_web_header,1
https://tickets.udnfunlife.com/application/UTK02/UTK0222_01.aspx,0
https://www.afmc.gov.tw/Activity_detail/c15add824468451d906d5434ac059a63?start=2023%2F03%2F15&end=2023%2F09%2F16,0
https://www.accupass.com/search?c=travel&utm_source=accupass&utm_medium=web_header&utm_campaign=accu_web_header,1
https://isports.sa.gov.tw/apps/TIS/TIS02/TIS0201M_02V1.aspx?MENU_PRG_CD=1&ITEM_PRG_CD=2&PKNO=38056,0
https://www.ntl.edu.tw/np.asp?ctNode=2265&mp=1,0
https://www.accupass.com/search?c=arts&utm_source=accupass&utm_medium=web_header&utm_campaign=accu_web_header,1
https://www.nhi.gov.tw/News_Content.aspx?n=FC05EB85BD57C709&sms=587F1A3D9A03E2AD&s=25BEEC3F754D0976,0
https://philomedium.com/faq,0
https://www.accupass.com/search?c=learning&utm_source=accupass&utm_medium=web_header&utm_campaign=accu_web_header,1
https://www.shoppingdesign.com.tw/members/bookmarks,0
https://common.tnnua.edu.tw/p/423-1050-787.php,0
https://www.accupass.com/search?c=charitable&utm_source=accupass&utm_medium=web_header&utm_campaign=accu_web_header,1
https://www.twtc.com.tw/news-detail.aspx?sn=2347,0
https://kktix.com/users/sign_in?back_to=https%3A%2F%2Fkktix.com%2F,0
https://www.accupass.com/search?t=this-weekend&utm_source=accupass&utm_medium=web_header&utm_campaign=accu_web_header,1
https://philomedium.com/contributions/82678,0
https://cc.tc.edu.tw/,0
https://www.accupass.com/?area=north&channel=0,1
https://www.twse.com.tw/zh/page/trading/exchange/STOCK_DAY.html,0
https://isports.sa.gov.tw/apps/TIS/TIS05/TIS0550M_03v1.aspx?SYS=TIS&MENU_PRG_CD=6&ITEM_PRG_CD=3,0
https://www.accupass.com/?area=north&channel=1,1
https://alerts.ncdr.nat.gov.tw/index.aspx?Mes=416637,0
https://www.taiwanexcellence.org/tw,0
https://www.accupass.com/?area=north&channel=2,1
https://www.koryu.or.jp/tw/about/taipei/jurisdiction/,0
https://member.twse.com.tw/account/,0
https://www.accupass.com/?area=north&channel=3,1
https://www.trippois.com/pois-%E5%98%89%E7%BE%A9,0
https://www.twse.com.tw/zh/page/trading/indices/MI_5MINS_HIST.html,0
https://www.accupass.com/?area=center,1
https://www.nmtl.gov.tw/informationlist?uid=198&tabid=1,0
https://www.accupass.com/event/2302020802564075861710?utm_source=none&utm_medium=home_north&utm_campaign=accu_feature,0
https://www.accupass.com/?area=south,1
https://philomedium.com/content/blog?type%5Bblog%5D=blog,0
https://www.kmfa.gov.tw/Others/Security.htm,0
https://www.accupass.com/search?q=%E5%A4%A9%E7%84%B6,1
https://www.twse.com.tw/zh/page/trading/indices/EFTRI.html,0
https://www.nhi.gov.tw/Content_List.aspx?n=DCCBE9C48349FFF0&topn=5FE8C9FEAE863B46&upn=6DA3A01BF33F7124,0
https://www.accupass.com/search,1
https://www.nhi.gov.tw/Content_List.aspx?n=D1144EC82C3A692B&topn=3185A4DF68749BA9,0
https://www.nhi.gov.tw/Content_List.aspx?n=9FDE5C21756AB7CC&topn=23C660CAACAA159D,0
https://www.afmc.gov.tw/Activity?c3=hall1,1
https://www.travel.taipei/zh-tw/attraction/map?page=1,0
https://www.yatsen.gov.tw/content_306.html,0
https://www.afmc.gov.tw/Activity?c3=hall2,1
https://campaign.accupass.com/advanced-services/accupass-online.html?utm_source=web&utm_medium=home&utm_campaign=accu_footer_text_3,0
https://www.kmfa.gov.tw/onlinegallery/KMFArtVideo/ArtVideo.htm,0
https://www.afmc.gov.tw/Activity?c3=hall3,1
https://www.taiwan.net.tw/m1.aspx?sNo=0016586,0
https://www.nhi.gov.tw/Content_List.aspx?n=B1CEE8091C8C98AB&topn=0146815BCDF891B4,0
https://www.afmc.gov.tw/Activity?c3=hall4,1
https://www.accupass.com/terms/privacy?utm_source=web&utm_medium=home&utm_campaign=accu_web_header,0
https://lib.moc.gov.tw/F?func=find-b-0&local_base=thm02,0
https://www.afmc.gov.tw/Activity?c3=hall5,1
https://www.trippois.com/poi-5323-%E9%A7%81%E4%BA%8C%E8%97%9D%E8%A1%93%E7%89%B9%E5%8D%80,0
https://philomedium.com/biblio/82661,0
https://www.afmc.gov.tw/Activity?c3=hall6,1
https://www.tpqc.com.tw/wp-content/uploads/2022/08/%E6%99%AE%E5%AE%A2%E4%BA%8C%E5%9B%9B-1030x536.png,0
https://www.twtc.com.tw/meeting3,0
https://www.afmc.gov.tw/News,1
https://www.twse.com.tw/zh/announcement/announcement,0
https://event.moc.gov.tw/ct.asp?xItem=2338269&ctNode=736&mp=1,0
https://www.afmc.gov.tw/News?o=1,1
https://tpml.gov.taipei/News_Content.aspx?n=057F7CE33AEF867C&sms=9D72E82EC16F3E64&s=1283C9F1C2B9E4E8,0
https://www.tnam.museum/event/detail/388,0
https://www.beclass.com/default.php?name=ShowList&op=catRank&range=L,1
https://www.travel.taipei/zh-tw/dayactivity?page=1,0
https://coss.ntu.edu.tw/in-serviceprogram.html,0
https://www.beclass.com/default.php?name=ShowList&op=catRank&range=L&xarea=%E6%A1%83%E5%9C%92,1
https://www.shoppingdesign.com.tw/search/tag/%E5%9C%96%E5%BA%AB,0
https://www.yatsen.gov.tw/content_128.html,0
https://www.beclass.com/default.php?name=ShowList,1
https://philomedium.com/taxonomy/term/655,0
https://www.koryu.or.jp/tw/business/japanese/consign/detail1/,0
https://www.beclass.com/default.php?name=ShowList&op=catRank&range=B,1
https://investoredu.twse.com.tw/Pages/TWSE.aspx,0
https://www.twse.com.tw/zh/page/terms/PersonalDataProtectionPolicy.html,0
https://www.beclass.com/default.php?name=ShowList&op=catRank&range=J,1
https://www.nhi.gov.tw/Content_List.aspx?n=BF3024DEFFC02A33&topn=FB01D469347C76A7,0
https://www.tfam.museum/Common/editor.aspx?id=217,0
https://www.beclass.com/default.php?name=ShowList&op=catRank&range=C,1
https://www.npm.gov.tw/Articles.aspx?sno=03012687&l=1,0
https://www.nhi.gov.tw/Content_List.aspx?n=BF3024DEFFC02A33&topn=FB01D469347C76A7,0
https://www.beclass.com/default.php?name=ShowList&op=catRank&range=R,1
https://jkspkk.kktix.cc/events/tysonyoshi0330,0
https://sunology.culture.tw/cgi-bin/gs32/gsweb.cgi/login?o=dwebmge&cache=1615515927620,0
https://www.beclass.com/default.php?name=ShowList&op=catRank&range=P,1
https://www.kmfa.gov.tw/Visit/navigation/navigation01.htm,0
https://alerts.ncdr.nat.gov.tw/index.aspx?Mes=415009,0
https://www.beclass.com/default.php?name=ShowList&op=catRank&range=Q,1
https://www.tpqc.com.tw/wp-content/uploads/2022/08/%E6%99%82%E4%BB%A3%E5%8A%9B%E9%87%8F.webp,0
https://www.kmfa.gov.tw/Service,0
https://www.beclass.com/default.php?name=ShowList&op=catRank&range=N,1
http://www.taichung.gov.tw/8868/1228753/580201/,0
https://www.trippois.com/hotels-%E8%8B%97%E6%A0%97,0
https://www.beclass.com/default.php?name=ShowList&op=catRank&range=D,1
https://www.kmfa.gov.tw/CollectionDetailC003110.aspx?Cond=c7f03891-4d4b-4332-b352-afc493a5da75,0
https://www.koryu.or.jp/tw/searchresults/?Search=%E6%89%93%E5%B7%A5%E5%BA%A6%E5%81%87,0
https://www.beclass.com/default.php?name=ShowList&op=catRank&range=S,1
https://opendata.culture.tw/frontsite/openData/list?publisher=%E5%9C%8B%E7%AB%8B%E5%9C%8B%E7%88%B6%E7%B4%80%E5%BF%B5%E9%A4%A8,0
https://collections.culture.tw/nmtl_collectionsweb/GalData.aspx?GID=MSM8MYM6MLMD,0
https://www.beclass.com/default.php?name=ShowList&op=catRank&range=E,1
https://www.huashan1914.com/w/huashan1914/FAQ,0
https://artemperor.tw/resources,0
https://www.beclass.com/default.php?name=ShowList&op=catRank&range=F,1
https://tickets.udnfunlife.com/Application/UTK02/UTK0201_00.aspx?AGId=P02QQULH&kdid=package,0
https://www.yatsen.gov.tw/content_274.html,0
https://www.beclass.com/default.php?name=ShowList&op=catRank&range=I,1
https://www.tfam.museum/Common/sitemap.aspx?ddlLang=zh-tw,0
https://www.kmfa.gov.tw/JournalsDetailC003620.aspx?Cond=da9bfbb5-032a-451f-a3e4-fcd670116f0a,0
https://www.beclass.com/default.php?name=ShowList&op=catRank&range=G,1
https://coss.ntu.edu.tw/ISianLecture.html,0
https://www.facebook.com/TaipeiMOCA/,0
https://www.beclass.com/default.php?name=ShowList&op=catRank&range=H,1
https://www.nhi.gov.tw/Content_List.aspx?n=BC4F6A3674EFCB85&topn=787128DAD5F71B1A,0
https://www.shoppingdesign.com.tw/post/view/8722?utm_source=banner_sd,0
https://www.beclass.com/default.php?name=ShowList&op=catRank&range=T,1
https://www.ntl.edu.tw/np.asp?ctNode=1784&mp=1,0
https://www.twse.com.tw/zh/page/terms/RSS.html,0
https://www.beclass.com/default.php?name=ShowList&op=catRank&range=K,1
https://isports.sa.gov.tw/apps/AboutUs.aspx?SYS=TIS,0
https://www.cmoney.tw/vt/props.aspx,0
https://www.beclass.com/default.php?name=ShowList&op=catRank&range=M,1
https://philomedium.com/blog/category/134,0
https://www.nhi.gov.tw/Content_List.aspx?n=1E1039BE19C4DCAC&topn=1E1039BE19C4DCAC&upn=91FEF1C9BE4B8A7A,0
https://www.beclass.com/default.php?name=ShowList&op=catRank&range=A,1
https://event.moc.gov.tw/sp.asp?xdurl=ccEvent2016/ccEvent_cp.asp&cuItem=2610956&ctNode=676&mp=1,0
https://event.moc.gov.tw/sp.asp?xdurl=ccEvent2016/ccEvent_cp.asp&cuItem=2626000&ctNode=676&mp=1,0
https://www.beclass.com/default.php?name=ShowList&op=catRank&range=Z,1
https://www.ntl.edu.tw/np.asp?ctNode=1698&CtUnit=618&BaseDSD=7&mp=1,0
https://tpml.gov.taipei/Content_List.aspx?n=8F523DD332048871,0
https://www.beclass.com/default.php?name=ShowList&op=catRank&range=Y,1
https://www.npm.gov.tw/News-Content.aspx?sno=03013256&l=1&idstr=MDEwMDAwMDE=,0
https://www.nmtl.gov.tw/archive?uid=136,0
https://www.beclass.com/default.php?name=ShowList&op=catRank&range=1,1
https://www.mocataipei.org.tw/tw/ExhibitionAndEvent/Info/%E3%80%90%E7%95%B6%E4%BB%A3%E9%A4%A8X%E8%81%AF%E7%B6%93%E3%80%91%E5%9C%96%E6%96%87%E8%81%9A%E6%A8%82%E9%83%A8%EF%BD%9C%E6%9C%89%E6%BB%8B%E6%9C%89%E5%91%B3%E7%9A%84%E7%A7%98%E5%AF%86%E5%9F%BA%E5%9C%B0%E3%80%8A%E8%8D%B7%E8%98%AD%E9%98%BF%E5%85%8B%E9%A6%AC%E8%B5%B7%E5%8F%B8%E5%B8%82%E5%A0%B4%E3%80%8B,0
https://event.culture.tw/TMOFA/portal/Registration/C0103MAction?actId=30006,0
https://www.beclass.com/default.php?name=ShowList&op=catRank&range=3,1
https://www.bnext.com.tw/article/74381/chen-medi-0308,0
https://travel.tycg.gov.tw/zh-tw/traffic/airportmrt,0
https://www.beclass.com/default.php?name=ShowList&op=catRank&range=7,1
https://tpml.gov.taipei/News.aspx?n=612115AAA4C85FD3&sms=D9C0ACCC6310F603,0
https://www.nhi.gov.tw/News_Content.aspx?n=FC05EB85BD57C709&sms=587F1A3D9A03E2AD&s=7032B8AB9BBF669B,0
https://www.beclass.com/default.php?name=ShowList&op=catRank&range=30,1
https://www.kmfa.gov.tw/OnlineApplyDetailC001200.aspx?Cond=623818eb-4044-44a4-8a64-27e1638867d2,0
https://www.koryu.or.jp/tw/business/name/,0
https://www.bnext.com.tw/events,1
https://tmofa.tycg.gov.tw/ch/open-call/open-call-for-curatorial-proposals,0
https://www.koryu.or.jp/friendship/,0
https://biz-school.bnextmedia.com.tw/neomarketing?utm_source=bn_web&utm_medium=home_header&utm_campaign=biz-school,1
https://www.koryu.or.jp/tw/business/study/grant/2018/,0
https://philomedium.com/taxonomy/term/228,0
https://eventgo.bnextmedia.com.tw/,1
https://www.twse.com.tw/zh/page/products/info-vendor/press.html,0
https://www.tainanoutlook.com/blog/rookie-boss-work,0
https://eventgo.bnextmedia.com.tw/event/org/other,1
https://www.sinyischool.org.tw/course/view/1004,0
https://kklivetw.kktix.cc/events/ogfmtp2023,0
https://eventgo.bnextmedia.com.tw/event/org/bnext,1
https://www.koryu.or.jp/tw/business/subsidy/detail1/,0
https://alerts.ncdr.nat.gov.tw/index.aspx?Mes=420132,0
https://eventgo.bnextmedia.com.tw/event/org/managertoday,1
https://www.bnext.com.tw/article/74405?utm_source=likr&utm_medium=pubnews,0
https://theme.npm.edu.tw/Academic/Researchers-Intro.aspx,0
https://eventgo.bnextmedia.com.tw/event/org/shoppingdesign,1
https://www.twse.com.tw/zh/page/trading/exchange/BFIAMU.html,0
https://www.tnam.museum/exhibition/exhibition-application,0
https://eventgo.bnextmedia.com.tw/event/org/meet,1
https://www.taiwan.net.tw/m1.aspx?sNo=0001016&id=C100_437,0
https://www.tainanoutlook.com/blog/mysterious-hardware-store,0
https://eventgo.bnextmedia.com.tw/event/org/futurecommerce,1
https://www.twse.com.tw/zh/page/navigation/sitemap.html,0
https://www.ntl.edu.tw/np.asp?ctNode=2259&CtUnit=109&BaseDSD=57&mp=1,0
https://meet.bnext.com.tw/event/list,1
https://www.google.com.tw/advanced_search?hl=zh-Hant-tw,0
https://philomedium.teachable.com/?utm_source=website&utm_campaign=teachable&utm_medium=menu&utm_content=_%E9%A6%96%E9%A0%81_teachable_20201230_tky_link,0
https://www.cmoney.tw/app/classes.aspx,1
https://www.ntl.edu.tw/sp.asp?xdurl=MP1AP_RWD/ActionMsgList.asp&thisday=2023/03/25&mp=1,0
https://www.koryu.or.jp/tw/visa/taipei/working/detail4/detail3/,0
https://www.cmoney.tw/app/classes.aspx?categoryId=1&subCategoryId=1,1
https://www.nmtl.gov.tw/jp/,0
https://kktix.com/contact,0
https://www.cmoney.tw/app/classes.aspx?categoryId=1&subCategoryId=2,1
https://www.koryu.or.jp/tw/visa/taipei/application/,0
https://www.nmtl.gov.tw/archive?uid=192,0
https://www.cmoney.tw/app/classes.aspx?categoryId=1&subCategoryId=3,1
https://www.afmc.gov.tw/Activity_detail/c15add824468451d906d5434ac059a63?start=2023%2F03%2F15&end=2023%2F09%2F16,0
https://www.koryu.or.jp/tw/about/taipei/access/,0
https://www.cmoney.tw/app/classes.aspx?categoryId=1&subCategoryId=4,1
https://alerts.ncdr.nat.gov.tw/index.aspx?Mes=410805,0
https://common.tnnua.edu.tw/p/412-1050-1175.php?Lang=zh-tw,0
https://www.cmoney.tw/app/classes.aspx?categoryId=2,1
https://www.taiwan.net.tw/m1.aspx?sNo=0001024,0
https://www2.ntmofa.gov.tw/Volunteer_Art_Student/,0
https://www.cmoney.tw/app/classes.aspx?categoryId=3,1
https://common.tnnua.edu.tw/p/412-1050-1176.php?Lang=zh-tw,0
https://www.ntmofa.gov.tw/informationlist_1022.html,0
https://www.cmoney.tw/app/classes.aspx?categoryId=4,1
https://www.travel.taipei/zh-tw/must-visit/attractions-top25,0
https://www.yatsen.gov.tw/informationimg_84_16707.html,0
https://www.cmoney.tw/app/classes.aspx?categoryId=5,1
https://www.koryu.or.jp/tw/visa/taipei/general/detail4/,0
https://www.koryu.or.jp/tw/news/recruit/?itemid=3029&dispmid=4272,0
https://www.cmoney.tw/app/classes.aspx?categoryId=6,1
https://artemperor.tw/focus/5272,0
https://www.ntmofa.gov.tw/content_1084.html,0
https://money.cmoney.tw/product/list-video,1
https://www.taiwan.net.tw/m1.aspx?sNo=0000152&id=000009,0
https://www.yatsen.gov.tw/searchall.html?q=%E5%AD%AB%E4%B8%AD%E5%B1%B1,0
https://www.huashan1914.com/w/huashan1914/exhibition,1
https://www.nmtl.gov.tw/movie?uid=160&pid=4447,0
https://www.koryu.or.jp/tw/about/introduction/cornerstone/,0
https://www.huashan1914.com/w/huashan1914/exhibition?typeId=17111317255246856,1
https://tickets.udnfunlife.com/Application/UTK02/UTK0201_.aspx?PRODUCT_ID=P02HSZ03,0
https://liveviewingjapan.kktix.cc/events/fse80dfk,0
https://www.huashan1914.com/w/huashan1914/exhibition?typeId=17090410123492438,1
https://www.nhi.gov.tw/Content_List.aspx?n=4C58A4ADA7179B7F&topn=23C660CAACAA159D,0
https://www.travel.taipei/zh-tw/attraction/map?page=1,0
https://www.huashan1914.com/w/huashan1914/exhibition?typeId=17090410124681532,1
https://www.travel.taipei/zh-tw/must-visit/flower-viewing,0
https://www.nhi.gov.tw/Content_List.aspx?n=C526D22344F1DACE&topn=5F7F45739FF3DD4D,0
https://www.huashan1914.com/w/huashan1914/exhibition?typeId=17090410130478518,1
https://www.npm.gov.tw/Articles.aspx?sno=03000060&l=1,0
https://www.npmshops.com/,0
https://www.huashan1914.com/w/huashan1914/exhibition?typeId=17090410122600181,1
https://cmy.tw/00BmiI,0
https://tpml.gov.taipei/Default.aspx,0
https://www.huashan1914.com/w/huashan1914/exhibition?typeId=-2,1
https://tpml.gov.taipei/cp.aspx?n=D3172D09731FC443&s=3A633D9F1435DE45,0
https://www.ntl.edu.tw/np.asp?ctNode=1793&CtUnit=688&BaseDSD=7&mp=1,0
https://www.huashan1914.com/w/umaytheater/Index,1
http://www.gov.taipei/,0
https://story.udn.com/dcstore/StoreIndex.do?familybar_hide,0
https://www.huashan1914.com/w/umaytheater/performance,1
https://med.nhi.gov.tw/rgfe0000/RGFE0030S12.aspx,0
https://www.tfam.museum/Research/Research.aspx,0
https://www.huashan1914.com/w/umaytheater/performance?typeId=17090216374871314,1
https://philomedium.com/philosopher/hegel,0
https://www.kmfa.gov.tw/AboutUs/AboutKmfa/AboutKmfa03.htm,0
https://www.huashan1914.com/w/umaytheater/performance?typeId=20061510470737472,1
https://www.rdec.taichung.gov.tw/12047/12142/12189/12201/12204/,0
https://www.sinyischool.org.tw/course/view/990,0
https://www.huashan1914.com/w/umaytheater/performance?typeId=19051616351595527,1
https://tpml.gov.taipei/News_Content.aspx?n=49F42C0F3A955E81&sms=9D72E82EC16F3E64&s=CC4FD382F254D0C5,0
https://www.twse.com.tw/zh/page/investor/foreign/01.html,0
https://www.huashan1914.com/w/umaytheater/performance?typeId=18022714513646875,1
http://www.taichung.gov.tw/8868/9948/10038/,0
https://www.npm.gov.tw/Articles.aspx?sno=03010642&l=1,0
https://www.huashan1914.com/w/huashan1914/news,1
https://www.bnext.com.tw/categories/smartmedical,0
https://event.moc.gov.tw/sp.asp?xdurl=ccLocation2016/ccLocationQuery.asp&ctNode=734&mp=1,0
https://www.kmfa.gov.tw/Exhibition,1
https://collections.culture.tw/nmtl_collectionsweb/GalData.aspx?GID=MIMLMDMIMCMD,0
https://www.kmfa.gov.tw/onlinegallery/ARVRlive/ZODIACMOUSE.htm,0
https://www.kmfa.gov.tw/ExhibitionListC001100.aspx?appname=ExhibitionListC001100,1
https://alerts.ncdr.nat.gov.tw/index.aspx?Mes=419413,0
https://www.mocataipei.org.tw/tw/News,0
https://www.kmfa.gov.tw/OnlineApplyListC001200.aspx?appname=OnlineApplyListC001200,1
https://www.taiwan.net.tw/m1.aspx?sNo=0001036,0
https://www.twse.com.tw/zh/page/announcement/notetrans.html,0
https://www.kmfa.gov.tw/ActivitiesListC005100.aspx?appname=ActivitiesListC005100,1
https://www.taiwan.net.tw/m1.aspx?sno=0001090,0
https://www.tfam.museum/Common/ContactUs.aspx,0
https://www.koryu.or.jp/tw/news/event/,1
https://tickets.udnfunlife.com/application/UTK01/UTK0101_051.aspx?NEWS=P03H7MQY,0
https://common.tnnua.edu.tw/p/412-1050-3237.php?Lang=zh-tw,0
https://www.koryu.or.jp/tw/news/,1
https://www.ntmofa.gov.tw/informationlist_1178.html,0
https://www.koryu.or.jp/tw/news/recruit/?itemid=2728&dispmid=4272,0
https://www.koryu.or.jp/tw/news/pressrelease/,1
https://www.taiwan.net.tw/m1.aspx?sNo=0001040,0
https://alerts.ncdr.nat.gov.tw/index.aspx?Mes=416650,0
https://www.mocataipei.org.tw/tw/ExhibitionAndEvent/Exhibitions,1
https://www.songshanculturalpark.org/service/qa,0
https://www.bnext.com.tw/article/74158/mortgage-subsidies,0
https://www.mocataipei.org.tw/tw/ExhibitionAndEvent/Exhibitions/Upcoming,1
https://www.twse.com.tw/zh/page/about/company/factbooks.html,0
https://www.yatsen.gov.tw/activitysoonlist_258.html?date=2023/03/10,0
https://www.mocataipei.org.tw/tw/ExhibitionAndEvent/Events,1
https://www.travel.taipei/zh-tw/shop/multilingual-menu-of-one-hundred-foods,0
https://accessibility.moc.gov.tw/NMTLNEW/,0
https://www.mocataipei.org.tw/tw/ExhibitionAndEvent,1
https://www.kmfa.gov.tw/onlinegallery/ARVRlive/PerceptionOfPlaces.htm,0
https://www.koryu.or.jp/tw/visa/taipei/caution/,0
http://www.mocataipei.org.tw/tw/ExhibitionAndEvent/Exhibitions/Up-Coming,1
https://www.instagram.com/explore/tags/taiwantrip,0
https://weibo.com/taipeitravelnet,0
https://www.nhi.gov.tw/publicjoin/registration.aspx?n=81045A8AEC902FC9&sms=36A0BB334ECB4011,1
https://tmc.taipei/about/,0
https://www.tfam.museum/Common/editor.aspx?id=276,0
https://www.nhi.gov.tw/publicjoin/registration.aspx?n=81045A8AEC902FC9&sms=36A0BB334ECB4011&topn=0B69A546F5DF84DC,1
https://www.twse.com.tw/zh/products/report,0
https://www.npm.gov.tw/disclaimer.aspx?idstr=https%3A%2F%2Fwww.facebook.com%2Fnpmsouth%2F&l=1,0
https://www.nmtl.gov.tw/activitysoonlist?uid=143,1
https://eng.nhi.gov.tw/,0
https://www.afmc.gov.tw/AppealBulletin,0
https://www.nmtl.gov.tw/activitysoonlist?uid=145,1
https://www.huashan1914.com/w/huashan1914/exhibition_19052709561856513,0
https://www.npm.gov.tw/Exhibition-Content.aspx?sno=04011128&l=1,0
https://www.nmtl.gov.tw/activitysoons?uid=147,1
https://www.nhi.gov.tw/News_Link2.aspx?n=A73958658124A70F&sms=0DB78B5F69DB38E4&topn=0B69A546F5DF84DC,0
https://isports.sa.gov.tw/apps/TIS/TIS02/TIS0201M_02V1.aspx?MENU_PRG_CD=1&ITEM_PRG_CD=3&PKNO=38131,0
https://www.nmtl.gov.tw/activitysoonsym?uid=148,1
https://tpml.gov.taipei/News_Content.aspx?n=221B1426177ADA7B&sms=9D72E82EC16F3E64&s=71F942CB963F8468,0
http://cis.ntl.edu.tw/F/?func=file&file_name=login-session,0
https://www.nmtl.gov.tw/informationlist?uid=194,1
http://sunology.culture.tw/cgi-bin/gs32/s7gsweb.cgi/login?o=dwebmge&cache=1532512817616,0
https://www.yatsen.gov.tw/activitysoonlist_258.html?date=2023/03/06,0
https://www.npm.gov.tw/Activity-Current.aspx?sno=03000079&l=1,1
https://www.bnext.com.tw/article/74437/yahoo-tw-merge-market,0
https://coss.ntu.edu.tw/PolicyResearch.html,0
https://www.npm.gov.tw/Exhibition-Preview.aspx?sno=03000061&l=1,1
https://www.twse.com.tw/zh/page/products/trading/introduce15.html,0
https://tickets.udnfunlife.com/application/UTK02/UTK0206_.aspx,0
https://www.npm.gov.tw/Calendar.aspx?sno=02012623&type=2,1
https://event.moc.gov.tw/sp.asp?xdurl=ccEvent2016/ccEvent_cp.asp&cuItem=2624599&ctNode=676&mp=1,0
https://www.twtc.com.tw/event_album_list,0
https://www.npm.gov.tw/Calendar.aspx?sno=02012623&type=1,1
https://wwwacc.ntl.edu.tw/ct.asp?xItem=84352&ctNode=542&mp=4,0
https://www.bnext.com.tw/topic/719,0
https://www.npm.gov.tw/Exhibition-Current.aspx?sno=03000060&l=1,1
https://www.bnext.com.tw/article/74432/openai-google-diffe-36kr,0
https://emergelivehouse2.kktix.cc/events/c1bfaed4,0
https://www.npm.gov.tw/Exhibition-Current.aspx?sno=03000060&l=1&type=3,1
https://www.trippois.com/pois-%E9%87%91%E9%96%80,0
https://artemperor.tw/cart,0
https://www.npm.gov.tw/Exhibition-Current.aspx?sno=03000060&l=1&type=1,1
https://www.npm.gov.tw/Media-Download.aspx?sno=03001536&l=1,0
https://eng.taiwan.net.tw/,0
https://www.npm.gov.tw/News-List.aspx?sno=01000001&l=1,1
https://www.taiwan.net.tw/m1.aspx?sNo=0042889,0
https://www.kmfa.gov.tw/English,0
https://www.npm.gov.tw/Articles.aspx?sno=01000001&l=1,1
https://www.taipeibiennial.org/TB1996-2014/?menu=280,0
https://www.twtc.com.tw/b_center_Download,0
https://www.ntl.edu.tw/np.asp?ctNode=1672&CtUnit=109&BaseDSD=57&mp=1,1
https://philomedium.com/hfcp,0
https://www.twse.com.tw/zh/statistics/index/05,0
https://www.ntl.edu.tw/sp.asp?xdurl=MP1AP_RWD/month_action.asp&mp=1&ctNode=1891,1
https://www.mocataipei.org.tw/tw/News/%E3%80%90%E5%BE%B5%E6%89%8D%E8%A8%8A%E6%81%AF%E3%80%91%E6%95%99%E8%82%B2%E6%8E%A8%E5%BB%A3%E6%9A%A8%E7%99%BC%E5%B1%95%E8%A1%8C%E9%8A%B7%E7%B5%84%EF%BC%8F%E5%85%AC%E7%9C%BE%E6%9C%8D%E5%8B%99%E5%B0%88%E5%93%A11%E5%90%8D,0
https://philomedium.com/philosopher/ibn-rushd,0
https://www.ntl.edu.tw/lp.asp?CtNode=1673&CtUnit=110&BaseDSD=59&mp=1,1
https://coss.ntu.edu.tw/tables.html,0
https://www.koryu.or.jp/tw/visa/kaohsiung/jurisdiction/,0
https://www.ntl.edu.tw/lp.asp?CtNode=1674&CtUnit=482&BaseDSD=59&mp=1,1
http://twse-regulation.twse.com.tw/TW/Categories/Categories04.aspx,0
https://www.yatsen.gov.tw/content_275.html,0
https://www.ntl.edu.tw/lp.asp?CtNode=1676&CtUnit=114&BaseDSD=57&mp=1,1
https://www.ntmofa.gov.tw/content_1023.html,0
https://www.koryu.or.jp/tw/business/study/guest_prof/2018/,0
https://www.ntl.edu.tw/lp.asp?CtNode=1677&CtUnit=115&BaseDSD=57&mp=1,1
https://www.taiwan.net.tw/m1.aspx?sNo=0020546,0
https://www.tpqc.com.tw/wp-content/uploads/2022/08/%E6%99%AE%E5%AE%A2%E4%BA%8C%E5%9B%9B-1030x536.png,0
https://www.ntl.edu.tw/lp.asp?CtNode=1861&CtUnit=881&BaseDSD=57&mp=1,1
https://www.nhi.gov.tw/Content_List.aspx?n=F14FE64332CEC6EC&topn=5FE8C9FEAE863B46,0
https://www.koryu.or.jp/tw/news/offer/?itemid=2234&dispmid=4270,0
https://www.ntl.edu.tw/lp.asp?CtNode=2259&CtUnit=109&BaseDSD=57&mp=1,1
https://www.tainanoutlook.com/blog/caring-for-blackfaced-spoonbill,0
https://www.taichung.gov.tw/9962/Lpsimplelist,0
https://www.ntl.edu.tw/sp.asp?xdurl=MP1AP_RWD/newslist.asp&mp=1&ctNode=1664,1
https://www.cmoney.tw/learn/courselist/,0
https://tpqc.com.tw/%E5%A0%B4%E5%9C%B0%E7%A7%9F%E7%94%A8%E8%BE%A6%E6%B3%95/,0
https://www.ntl.edu.tw/np.asp?ctNode=1676&CtUnit=114&BaseDSD=57&mp=1,1
http://law.npm.gov.tw/LawContent.aspx?id=GL000056,0
https://www.instagram.com/explore/tags/%E9%8D%BE%E8%82%87%E6%94%BF%E6%96%87%E5%AD%B8%E7%94%9F%E6%B4%BB%E5%9C%92%E5%8D%80,0
https://www.ntmofa.gov.tw/activitysoonlist_1036.html,1
https://common.tnnua.edu.tw/p/412-1050-2908.php?Lang=zh-tw,0
https://www.cmoney.tw/forum/download/usstock,0
https://www.ntmofa.gov.tw/activitysoonlist_1037.html,1
https://www.tfam.museum/Common/ContactUs.aspx,0
https://tickets.udnfunlife.com/application/UTK13/UTK1301_.aspx?type=f,0
https://www.ntmofa.gov.tw/activitysoonlist_1038.html,1
https://www.youtube.com/channel/UCYLYBjgRZCeArwSJXpi36JA,0
https://www.npm.gov.tw/Articles.aspx?sno=03012538&l=1,0
https://www.ntmofa.gov.tw/activitysoonlist_1052.html,1
https://coss.ntu.edu.tw/dean_intr.html,0
https://www.nhi.gov.tw/ICCard_BBS.aspx?n=43BB532ADC17C2C8&sms=36A0BB334ECB4011,0
https://www.ntmofa.gov.tw/activitysoonlist_1053.html,1
https://www.instagram.com/explore/tags/taouyantravel,0
https://www.koryu.or.jp/tw/business/study/grant/,0
https://www.ntmofa.gov.tw/activitysoonlist_1054.html,1
https://www.taiwan.net.tw/m1.aspx?sno=0001113,0
https://www.tpqc.com.tw/wp-content/uploads/2014/10/%E5%90%9B%E6%82%85%E7%AE%A1%E7%90%86%E9%A1%A7%E5%95%8F%E6%9C%89%E9%99%90%E5%85%AC%E5%8F%B8.jpg,0
https://www.ntmofa.gov.tw/activitysoonlist_1055.html,1
https://www.taiwan.net.tw/m1.aspx?sno=0001106,0
https://artemperor.tw/review,0
https://www.ntmofa.gov.tw/activitysoonlist_1056.html,1
http://www.child.taichung.gov.tw/,0
https://www.kmfa.gov.tw/Visit/navigation,0
https://www.ntmofa.gov.tw/informationlist_1078.html,1
https://philomedium.com/taxonomy/term/327,0
https://travel.tycg.gov.tw/zh-tw/multimedia/faq,0
https://www.ntmofa.gov.tw/informationlist_1074.html,1
https://kktix.com/apps,0
https://tpml.gov.taipei/News_Content.aspx?n=F969DE2A717178AE&sms=9D72E82EC16F3E64&s=26600844B478D057,0
https://www.ntmofa.gov.tw/calendar_1024.html,1
https://www.nhi.gov.tw/Content_List.aspx?n=1D155B710BB27E64&topn=0146815BCDF891B4,0
https://www.facebook.com/time.for.taiwan/,0
https://www.ntmofa.gov.tw/calendar_1024.html?date=&interest=1&fare=&searchkey=,1
https://www.koryu.or.jp/tw/business/japanese/partners/,0
https://www.tfam.museum/Common/ContactUs.aspx,0
https://www.ntmofa.gov.tw/calendar_1024.html?date=&interest=2&fare=&searchkey=,1
https://coss.ntu.edu.tw/knowhow.html,0
https://www.tainanoutlook.com/tai-nan-mei-shi-xiao-chi/bai-nian-lao-dian,0
https://www.ntmofa.gov.tw/calendar_1024.html?date=&interest=4&fare=&searchkey=,1
https://travel.tycg.gov.tw/zh-tw/travel/attraction/583,0
https://www2.ntmofa.gov.tw/volunteer_Art_Join/,0
https://www.ntmofa.gov.tw/calendar_1024.html?date=&interest=3&fare=&searchkey=,1
https://www.yatsen.gov.tw/content_272.html,0
https://www.taiwan.net.tw/m1.aspx?sNo=0000501,0
https://www.ntmofa.gov.tw/calendar_1024.html?date=&interest=5&fare=&searchkey=,1
https://www.nhi.gov.tw/Content_List.aspx?n=19D96D94B9B4FD8F,0
https://www.kmfa.gov.tw/,0
https://www.ntmofa.gov.tw/calendar_1024.html?date=&interest=7&fare=&searchkey=,1
https://tpml.gov.taipei/News.aspx?n=ED2EE1869DC03FD4&sms=B91FAC687D63798C,0
https://www.taiwan.net.tw/m1.aspx?sNo=0042000,0
https://www.ntmofa.gov.tw/calendar_1024.html?date=&interest=8&fare=&searchkey=,1
https://www.tnam.museum/service/sitemap,0
https://travel.tycg.gov.tw/en,0
https://www.ntmofa.gov.tw/calendar_1024.html?date=&interest=9&fare=&searchkey=,1
https://www.instagram.com/sunyatsen_mh,0
https://tmc.taipei/en/,0
https://event.culture.tw/NTMOFA,1
https://www.cmoney.tw/forum/,0
https://kktix.com/user_guide_index,0
https://event.culture.tw/NTMOFA/portal/Registration/C0107MAction,1
https://www.bnext.com.tw/topic/717,0
https://www.kmfa.gov.tw/ExhibitionDetailC001100.aspx?Cond=c6a4b403-9042-42fe-9e17-2b556719c55c,0
https://event.culture.tw/NTMOFA/portal/Registration/C0102MAction?queryBean.actKind=100,1
https://campaign.accupass.com/advanced-services/index.html?utm_source=web&utm_medium=home&utm_campaign=accu_footer_text_2,0
https://coss.ntu.edu.tw/Venue_hire.html,0
https://event.culture.tw/NTMOFA/portal/Registration/C0102MAction,1
https://www.huashan1914.com/w/huashan1914/report,0
https://www.beclass.com/default.php?name=Event&op=tableplugin_info,0
https://event.culture.tw/NTMOFA/portal/Registration/C0107MAction.action,1
https://goo.gl/zdRp77,0
https://www.twse.com.tw/zh/page/listed/alien-business/links.html,0
https://www.shoppingdesign.com.tw/search/tag/%E6%96%B0%E5%B1%95%E8%A6%BD,1
https://www.bnext.com.tw/categories/martech,0
https://artemperor.tw/FAQ?tag=artist,0
https://www.shoppingdesign.com.tw/post/category/event,1
https://www.cmoney.tw/,0
https://www.cmoney.tw/learn/courselist/,0
https://www.sinyischool.org.tw/course,1
https://tpml.gov.taipei/News.aspx?n=46DB3B01B71B7C58&sms=87415A8B9CE81B16&_CSN=417EBAD4C9670C40,0
https://tickets.udnfunlife.com/application/UTK02/UTK0201_.aspx?PRODUCT_ID=N27ZY1UV&kdid=A03,0
https://www.sinyischool.org.tw/month,1
https://www.afmc.gov.tw/Activity_detail/c15add824468451d906d5434ac059a63?start=2023%2F03%2F15&end=2023%2F09%2F16,0
https://udndata.com/ndapp/Index?familybar_hide,0
https://www.sinyischool.org.tw/recommend/serial/8,1
https://www.shoppingdesign.com.tw/post/view/8718?utm_source=banner_sd,0
https://www.kmfa.gov.tw/onlinegallery/elearning,0
https://www.sinyischool.org.tw/recommend/serial/9,1
https://www.taichung.gov.tw/8868/9954/1451686/1451701/post,0
https://tpml.gov.taipei/News_Content.aspx?n=A1F57F21C8E92351&sms=9D72E82EC16F3E64&s=B3CF1358D655B95F,0
https://www.sinyischool.org.tw/recommend/serial/28,1
https://www.koryu.or.jp/tw/news/event/?itemid=2800&dispmid=4269,0
https://www.twse.com.tw/zh/page/clearing/rules.html,0
https://www.sinyischool.org.tw/recommend/serial/29,1
https://www.tnam.museum/visit/nearby,0
https://www.cmoney.tw/app/classesdetail.aspx?id=2570,0
https://www.sinyischool.org.tw/recommend/serial/30,1
https://www.travel.taipei/zh-tw/app,0
https://event.culture.tw/TMOFA/portal/Registration/C0103MAction?actId=30006,0
https://www.sinyischool.org.tw/recommend/serial/33,1
https://www.koryu.or.jp/tw/visa/taipei/general/detail14/,0
https://www.ntl.edu.tw/np.asp?ctNode=1666&CtUnit=103&BaseDSD=7&mp=1,0
https://www.songshanculturalpark.org/exhibition,1
https://philomedium.com/biblio/81577,0
https://www.taiwan.net.tw/m1.aspx?sNo=0042710,0
https://www.songshanculturalpark.org/lecture,1
https://tmc.taipei/en/,0
https://www.taiwan.net.tw/m1.aspx?sNo=0001016&id=147,0
https://www.taichung.gov.tw/12026/calendarList,1
https://tickets.udnfunlife.com/application/UTK01/UTK0101_05.aspx,0
https://qingarchives.npm.edu.tw/,0
https://www.taichung.gov.tw/9971/Lpsimplelist,1
https://www.kmfa.gov.tw/English,0
https://www.twse.com.tw/zh/company/ipoSeo,0
https://www.taichung.gov.tw/8868/8872/12026/,1
https://alerts.ncdr.nat.gov.tw/index.aspx?Mes=419829,0
https://www.afmc.gov.tw/Activity_detail/6ba57222a8f3405c9efd7f0d21f2b149?start=2023%2F03%2F15&end=2023%2F09%2F16,0
http://www.taichung.gov.tw/8868/8872/9977/,1
https://tpml.gov.taipei/News_Content.aspx?n=A1F57F21C8E92351&sms=9D72E82EC16F3E64&s=8A13850F51B61826,0
https://philomedium.com/biblio/82705,0
https://www.taichung.gov.tw/8868/8872/9971,1
https://edesk.nhi.gov.tw/f37web/,0
https://www.nhi.gov.tw/Content_List.aspx?n=A0F09EEC2F3F1501&topn=1E1039BE19C4DCAC,0
https://www.tainanoutlook.com/tainan_info/all,1
https://www.yatsen.gov.tw/informationimg_84_16709.html,0
https://tpml.gov.taipei/News_Content.aspx?n=221B1426177ADA7B&sms=9D72E82EC16F3E64&s=583C8F1DF2B461ED,0
https://www.tainanoutlook.com/activities/tainan_fair,1
https://www.ntl.edu.tw/np.asp?ctNode=2252&CtUnit=964&BaseDSD=7&mp=1,0
https://tickets.udnfunlife.com/application/UTK01/UTK0101_03.aspx?Category=231&kdid=cateList,0
https://www.tainanoutlook.com/activities/arts,1
https://coss.ntu.edu.tw/contact.html,0
https://www.huashan1914.com/w/huashan1914/CustomShops_18061420450891772,0
https://www.tainanoutlook.com/tainan_info/signup,1
https://www.koryu.or.jp/tw/about/taipei/organization/,0
https://nuzone.kktix.cc/,0
https://www.tainanoutlook.com/tainan_info,1
https://www.nhi.gov.tw/Content_List.aspx?n=971D725699A0B010&topn=23C660CAACAA159D,0
https://www.koryu.or.jp/tw/news/?itemid=3265&dispmid=4266,0
https://www.taiwan.net.tw/m1.aspx?sNo=0001019,1
https://www.kmfa.gov.tw/onlinegallery/26Anniversary/highlight.htm,0
https://yatsen.culture.tw/,0
https://www.taiwan.net.tw/m1.aspx?sNo=0001001,1
https://www.twse.com.tw/zh/page/trading/indices/EFTRI_HIST.html,0
https://apps.apple.com/tw/app/%E6%A1%83%E5%9C%92%E6%99%BA%E6%85%A7%E9%81%8A/id1317672236,0
https://www.tfam.museum/Exhibition/Exhibition.aspx,1
https://www.tnam.museum/the-art-conservation-and-scientific-research-center/technical-addvisory-committee,0
http://weibo.com/taipeitravelnet,0
https://www.tfam.museum/Exhibition/ExhibitionNew.aspx?ddlLang=zh-tw,1
https://www.travel.taipei/zh-tw/mustv-visit/friendly-shop,0
https://www.ntmofa.gov.tw/ntmofaepapers_1193.html,0
https://www.tfam.museum/Event/Event.aspx?ddlLang=zh-tw,1
https://www.taiwan.net.tw/google.html,0
https://www.koryu.or.jp/tw/about/taipei/chief-representative/izumi/activity-report/,0
https://www.tfam.museum/Event/Event.aspx?ContentID=18&ddlLang=zh-tw,1
https://www.twse.com.tw/zh/products/etc,0
https://www.twse.com.tw/en/,0
https://www.tfam.museum/Event/Event.aspx,1
https://2022taiwanbiennial.ntmofa.gov.tw/,0
https://www.tnam.museum/community/support/donation_plan,0
https://www.tfam.museum/Event/Event.aspx?ContentID=75,1
https://www.taiwan.net.tw/m1.aspx?sNo=0000176,0
https://tmofa.tycg.gov.tw/ch/visit/shop,0
https://www.tfam.museum/Event/Event.aspx?ContentID=106,1
https://www.koryu.or.jp/tw/business/scholarship/20200725/,0
https://www.bnext.com.tw/article/74446/apple-senior-mana-reasons-elev,0
https://www.tfam.museum/Event/Event.aspx?ContentID=106&ddlLang=zh-tw,1
https://tpml.gov.taipei/News_Content.aspx?n=D86E817AA7D0F758&sms=9D72E82EC16F3E64&s=3247A23F9208A806,0
https://www.trippois.com/city-%E5%8F%B0%E5%8D%97,0
https://www.tnam.museum/exhibition/current,1
https://www.shoppingdesign.com.tw/post/view/8712,0
https://www.accupass.com/event/2302020802564075861710?utm_source=none&utm_medium=home_north&utm_campaign=accu_feature,0
https://www.tnam.museum/exhibition/upcoming,1
https://www.nhi.gov.tw/PublicJoin/Registration_Detail.aspx?n=81045A8AEC902FC9&sms=36A0BB334ECB4011&EventID=3007&EvetnType=R,0
http://www.economic.taichung.gov.tw/16103/16461/17779/45735/post,0
https://www.tnam.museum/event/current,1
https://www.tpqc.com.tw/?avia-element-paging=3,0
https://www.nhi.gov.tw/Content_List.aspx?n=314500784F3BF8D5&topn=5FE8C9FEAE863B46&upn=9DA7B8DFA15AD7A3,0
https://www.tpqc.com.tw/%e6%89%80%e6%9c%89%e8%aa%b2%e7%a8%8b/,1
https://goo.gl/zdRp77,0
http://www.ecotw.com.tw/presentattaipei/index.php?product_item_id=29,0
https://www.tpqc.com.tw/%e6%89%80%e6%9c%89%e8%aa%b2%e7%a8%8b/%e6%96%87%e5%89%b5%e8%97%9d%e8%a1%93/,1
https://www.koryu.or.jp/tw/visa/taipei/working/detail4/detail6/,0
https://www.nhi.gov.tw/Content_List.aspx?n=95375F97BB88B39D&topn=95375F97BB88B39D,0
https://www.tpqc.com.tw/%e6%89%80%e6%9c%89%e8%aa%b2%e7%a8%8b/%e6%94%9d%e5%bd%b1%e7%be%8e%e5%ad%b8/,1
https://www.tfam.museum/Common/editor.aspx?id=84,0
https://tmofa.tycg.gov.tw/ch/services/services,0
https://www.tpqc.com.tw/%e6%89%80%e6%9c%89%e8%aa%b2%e7%a8%8b/%e8%aa%b2%e7%a8%8b-%e8%a8%ad%e8%a8%88%e5%89%b5%e6%96%b0/,1
https://www.kmfa.gov.tw/public/collection/photoborrow.htm,0
https://coss.ntu.edu.tw/ResearchCenter.html,0
https://www.tpqc.com.tw/%e6%89%80%e6%9c%89%e8%aa%b2%e7%a8%8b/%e8%aa%b2%e7%a8%8b-%e9%87%91%e8%9e%8d%e7%ae%a1%e7%90%86/,1
https://www.koryu.or.jp/tw/visa/taipei/tabid2596.html,0
https://www.accupass.com/event/2302220634033770892910?utm_source=none&utm_medium=home_north&utm_campaign=accu_feature,0
https://www.tpqc.com.tw/%e6%89%80%e6%9c%89%e8%aa%b2%e7%a8%8b/%e8%aa%b2%e7%a8%8b-%e9%a2%a8%e6%a0%bc%e6%89%8b%e4%bd%9c/,1
https://www.bnext.com.tw/api/oauth/login?state=?state=%27%20+%20state_str,0
https://www.taichung.gov.tw/9962/Lpsimplelist,0
https://www.travel.taipei/zh-tw/activity?page=1,1
https://www.npm.gov.tw/Query.aspx?sno=01000255&q=%E4%BA%A4%E9%80%9A&l=1,0
https://constellation.philomedium.com/?utm_source=website&utm_campaign=constellation&utm_medium=main-menu&utm_content=_main-menu_%E9%A6%96%E9%A0%81_20220219_tky_link,0
https://www.travel.taipei/zh-tw/activity?category=activity&page=1,1
https://travel.tycg.gov.tw/zh-tw/travel/play-taoyuan,0
https://alerts.ncdr.nat.gov.tw/index.aspx?Mes=418397,0
https://www.travel.taipei/zh-tw/activity?category=exhibition&page=1,1
https://www.yatsen.gov.tw/content_99.html,0
https://www.trippois.com/poi-5824-%E6%97%A5%E6%9C%88%E6%BD%AD,0
https://www.travel.taipei/zh-tw/event-calendar/2023,1
https://www.bnext.com.tw/article/74438/japan-7-11-ito-yokado-founder-died,0
https://www.cmoney.tw/app/classes.aspx?tid=13997,0
https://www.travel.taipei/zh-tw/event-calendar/,1
https://www.nhi.gov.tw/Content_List.aspx?n=4864A82710DE35ED&topn=4864A82710DE35ED,0
https://www.taiwan.net.tw/m1.aspx?sNo=0001016&id=C100_437,0
https://www.travel.taipei/zh-tw/activity,1
https://www.taiwan.net.tw/m1.aspx?sno=0001114,0
http://chungshanhall.ntl.edu.tw/,0
https://www.travel.taipei/zh-tw/news,1
https://tickets.udnfunlife.com/Application/UTK02/UTK0201_00.aspx?AGId=P00B3WPP&kdid=package,0
https://player.soundon.fm/p/ntlviic,0
https://www.travel.taipei/zh-tw/news?page=1,1
https://www.kmfa.gov.tw/onlinegallery/elearning/ArtTreasureHunt.htm,0
https://lin.ee/1V6YKde,0
https://www.travel.taipei/zh-tw/news?category=%E5%85%AC%E5%91%8A&page=1,1
https://www.cmoney.tw/app/expert.aspx,0
https://www.bnext.com.tw/article/74448?utm_source=likr&utm_medium=pubnews,0
https://www.travel.taipei/zh-tw/news?category=%E6%96%B0%E8%81%9E&page=1,1
https://www.ntl.edu.tw/ct.asp?xItem=1103&ctNode=1870&mp=1,0
https://www.taichung.gov.tw/580201/Lpsimplelist,0
https://www.trippois.com/activitys-%E6%A1%83%E5%9C%92,1
https://www.twse.com.tw/zh/page/clearing/trackingmechanism.html,0
https://www.nhi.gov.tw/News_Link2.aspx?n=A73958658124A70F&sms=0DB78B5F69DB38E4&topn=0B69A546F5DF84DC,0
https://www.trippois.com/activitys-%E5%9F%BA%E9%9A%86,1
http://law.npm.gov.tw/LawContent.aspx?id=GL000056,0
https://www.instagram.com/explore/tags/%E6%A1%83%E5%9C%92%E6%99%AF%E9%BB%9E,0
https://www.trippois.com/activitys-%E5%8F%B0%E5%8C%97,1
https://tpml.gov.taipei/News.aspx?n=4F66F55F388033A7&sms=CFFFC938B352678A,0
https://tickets.udnfunlife.com/application/UTK01/UTK0107_.aspx,0
https://www.trippois.com/activitys-%E5%AE%9C%E8%98%AD,1
https://www.trippois.com/city-%E9%9B%B2%E6%9E%97,0
https://www.yatsen.gov.tw/content_175.html,0
https://www.trippois.com/activitys-%E6%96%B0%E7%AB%B9,1
https://tickets.udnfunlife.com/application/UTK01/UTK0101_051.aspx?NEWS=P03H7MQY,0
https://www.nmtl.gov.tw/recommend?uid=174,0
https://www.trippois.com/activitys-%E8%8B%97%E6%A0%97,1
https://artemperor.tw/featured/13,0
https://www.twse.com.tw/zh/page/terms/security.html,0
https://www.trippois.com/activitys-%E5%8F%B0%E4%B8%AD,1
https://www.kmfa.gov.tw/ExhibitionDetailC001100.aspx?Cond=65b1e48c-489d-4080-9051-c4933b89ef39,0
https://www.nhi.gov.tw/QA.aspx?n=EFF40B3ED686AC1A&sms=507DCB7041364C26&topn=4864A82710DE35ED,0
https://www.trippois.com/activitys-%E5%BD%B0%E5%8C%96,1
https://www.huashan1914.com/w/huashan1914/AppOutside,0
https://alerts.ncdr.nat.gov.tw/index.aspx?Mes=416644,0
https://www.trippois.com/activitys-%E5%8D%97%E6%8A%95,1
https://coss.ntu.edu.tw/cossEN/Default.html,0
https://www.yatsen.gov.tw/content_234.html,0
https://www.trippois.com/activitys-%E9%9B%B2%E6%9E%97,1
https://www.twse.com.tw/zh/page/listed/IFRS.html,0
https://www.cmoney.tw/app/media,0
https://www.trippois.com/activitys-%E5%98%89%E7%BE%A9,1
https://www.twse.com.tw/zh/products/essay,0
"https://common.tnnua.edu.tw/p/406-1050-5356,r706.php?Lang=zh-tw",0
https://www.trippois.com/activitys-%E5%8F%B0%E5%8D%97,1
https://www.twse.com.tw/zh/page/trading/block/BFIAUU_sd.html,0
https://www.npm.gov.tw/Articles.aspx?sno=02007032&l=1,0
https://www.trippois.com/activitys-%E5%B1%8F%E6%9D%B1,1
https://alerts.ncdr.nat.gov.tw/index.aspx?Mes=420274,0
http://twse-regulation.twse.com.tw/TW/Categories/Categories04.aspx,0
https://www.trippois.com/activitys-%E8%8A%B1%E8%93%AE,1
https://www.news.taichung.gov.tw/14786/15050/15092/15095/15101/,0
https://www.npm.gov.tw/Articles.aspx?sno=04009231&l=2,0
https://www.trippois.com/activitys-%E5%8F%B0%E6%9D%B1,1
https://www.travel.taipei/zh-tw/attraction/details/185,0
https://www.twse.com.tw/zh/page/trading/fund/TWT44U.html,0
https://www.trippois.com/activitys-%E6%BE%8E%E6%B9%96,1
https://www.koryu.or.jp/tw/about/taipei/culture/library/faq/,0
https://www.trippois.com/pois-%E5%8F%B0%E5%8D%97,0
https://www.trippois.com/activitys-%E9%87%91%E9%96%80,1
https://www.travel.taipei/zh-tw/attraction/details/185,0
https://common.tnnua.edu.tw/p/412-1050-1174.php?Lang=zh-tw,0
https://www.trippois.com/activitys-%E9%A6%AC%E7%A5%96,1
https://event.culture.tw/NTMOFA/portal/Location/I5201MAction,0
https://www.bnext.com.tw/article/74444/disney-price-mthan40-pass,0
https://www.twse.com.tw/zh/news/eventList,1
https://www.koryu.or.jp/tw/faq/visa/,0
https://www.nmtl.gov.tw/archive?uid=139,0
https://www.twse.com.tw/zh/focus/events.html,1
https://www.tainanoutlook.com/blog/rookie-boss-work,0
https://www.travel.taipei/zh-cn,0
https://www.twtc.com.tw/exhibition.aspx?p=menu1,1
https://www.rdec.taichung.gov.tw/12047/12142/12186/,0
https://www.nhi.gov.tw/Content_List.aspx?n=F4F519706ABD71E0&topn=5FE8C9FEAE863B46&upn=A6E9D1EA9490594C,0
https://www.twtc.com.tw/exhibition.aspx?p=menu1#home,1
https://www.npm.gov.tw/disclaimer.aspx?idstr=https%3A%2F%2Fwww.facebook.com%2Fnpmsouth%2F&l=1,0
https://kklivetw.kktix.cc/events/ogfmtp2023,0
https://www.twtc.com.tw/exhibition.aspx?p=menu1#menu3,1
https://tmofa.tycg.gov.tw/ch/about-us/organization,0
https://tmofa.tycg.gov.tw/ch/collections/selected-collections,0
https://www.twtc.com.tw/exhibition.aspx?p=menu1#menu4,1
https://www.twse.com.tw/TIB/zh/mechanism.html,0
http://sunology.culture.tw/cgi-bin/gs32/s3gsweb.cgi/login?o=dwebmge&cache=1538208518534,0
https://www.twtc.com.tw/exhibition?p=menu1#home,1
https://www.koryu.or.jp/tw/news/?itemid=3271&dispmid=4266,0
https://www.kmfa.gov.tw/onlinegallery/26Anniversary/26anniversary.htm,0
https://www.twtc.com.tw/exhibition?p=menu1#menu1,1
https://www.ntmofa.gov.tw/qa_1079.html,0
https://www.travel.taipei/zh-tw/attraction/details/1536,0
https://www.twtc.com.tw/exhibition?p=menu1#menu3,1
https://artemperor.tw/albums,0
https://alerts.ncdr.nat.gov.tw/index.aspx?Mes=418400,0
https://www.twtc.com.tw/exhibition?p=menu1#menu4,1
https://www.twse.com.tw/CSR/zh/index.html,0
https://kktix.com/account/orders,0
https://www.twtc.com.tw/news,1
https://www.nhi.gov.tw/Content_List.aspx?n=72ED571F3DF63C9A&topn=787128DAD5F71B1A,0
https://www.google.com.tw/advanced_search?hl=zh-Hant-tw&as_sitesearch=https://coss.ntu.edu.tw,0
https://www.yatsen.gov.tw/activitysoonlist_258.html,1
https://kktix.com/terms,0
https://www.cmoney.tw/notes/purchase.aspx,0
https://www.yatsen.gov.tw/content_296.html,1
https://www.shoppingdesign.com.tw/search/tag/%E8%97%9D%E8%A1%93,0
https://www.beclass.com/default.php?name=Event&op=explode_info,0
https://event.culture.tw/YATSEN,1
https://info.nhi.gov.tw/INAE4000/INAE4010S01,0
https://mops.twse.com.tw/mops/web/t68sb01_q1,0
https://event.culture.tw/YATSEN/portal/Registration/C0107MAction,1
https://www.taiwan.net.tw/m1.aspx?sNo=0001019&lid=081087,0
https://med.nhi.gov.tw/isme1000/ISME1001S01.aspx,0
https://event.culture.tw/YATSEN/portal/Registration/C0102MAction,1
https://www.huashan1914.com/w/huashan1914/volunteerInfo,0
https://www.twse.com.tw/zh/page/products/securities/dr.html,0
https://event.culture.tw/YATSEN/portal/Registration/C0102MAction.action,1
https://tpml.gov.taipei/cp.aspx?n=441A0BFE13CD0704,0
https://www.ntl.edu.tw/sp.asp?xdurl=Form_RWD/Form.asp&xItem=7454&ctNode=1693&mp=1,0
https://www.yatsen.gov.tw/informationlist_81.html,1
https://www.yatsen.gov.tw/content_178.html,0
https://www.instagram.com/sunyatsen_mh,0
https://www.yatsen.gov.tw/activitysoonlist_258_601_1.html,1
https://www.nhi.gov.tw/Content_List.aspx?n=39042BBB60B8640C&topn=4864A82710DE35ED,0
https://www.cmoney.tw/app/download/,0
https://www.yatsen.gov.tw/activitysoonlist_258_630_1.html,1
https://www.koryu.or.jp/tw/visa/kaohsiung/tabid3100.html,0
https://tpml.gov.taipei/News_Content.aspx?n=D5863A9EF3038A38&s=2C8900303DEDED1C&sms=9233F87D2DBE62D7,0
https://www.yatsen.gov.tw/activitysoonlist_258_620_1.html,1
https://www.koryu.or.jp/tw/50-reception-ohashi/,0
https://www.koryu.or.jp/tw/news/?itemid=2281&dispmid=4266,0
https://www.yatsen.gov.tw/activitysoonlist_258_640_1.html,1
https://tmc.taipei/news/announcement/112-tmc-volunteer/,0
https://www.nmtl.gov.tw/informationlist?uid=201&tabid=1,0
https://event.moc.gov.tw/sp.asp?xdurl=ccEvent2016/eventSearchList.asp&ev_start=2023-03-15&action=query&ctNode=676&mp=1,1
https://www.cmoney.tw/notes?cid=22814,0
https://tmofa.tycg.gov.tw/ch/services/public-information/public-information,0
https://event.moc.gov.tw/sp.asp?xdurl=ccEvent2016/eventSearchList.asp&ev_char1=B8&ev_start=2023-03-15&action=query&ctNode=676&mp=1,1
https://www.bnext.com.tw/categories/service,0
https://www.npm.gov.tw/Articles.aspx?sno=02009964&l=1,0
https://kktix.com/,1
https://www.cmoney.tw/finance/f00047.aspx,0
http://twse-regulation.twse.com.tw/,0
https://kktix.com/?locale=zh-TW,1
https://www.cmoney.tw/jobs/programmer-group.aspx,0
https://www.npm.gov.tw/Articles.aspx?sno=02000054&l=1,0
https://kktix.com/?locale=en,1
https://www.bnext.com.tw/article/74333/klook-japan-gm-2023,0
https://www.koryu.or.jp/tw/business/scholarship/longterm/,0
https://kktix.com/?locale=ja,1
https://www.kmfa.gov.tw/,0
https://www.koryu.or.jp/tw/visa/taipei/working/detail4/detail13/,0
https://www.accupass.com/search?q=%E7%89%A9%E6%B5%81%E7%AE%A1%E7%90%86,1
https://www.mocataipei.org.tw/tw,0
https://www.shoppingdesign.com.tw/post/view/8676,0
https://www.accupass.com/search?q=%E5%89%B5%E4%BD%9C,1
"https://common.tnnua.edu.tw/p/406-1050-30308,r192.php?Lang=zh-tw",0
https://www.nhi.gov.tw/Content_List.aspx?n=971D725699A0B010&topn=23C660CAACAA159D,0
https://www.accupass.com/search?q=COVID-FREE,1
https://www.koryu.or.jp/tw/business/japanese/consign/detail1/,0
https://www.koryu.or.jp/tw/visa/taipei/working/detail4/detail4/,0
https://www.accupass.com/search?q=%E5%9B%9B%E5%9B%9B%E5%8D%97%E6%9D%91,1
https://www.youtube.com/channel/UCb_JzqaWz4Dw1OScrDpGxrg,0
https://www.tfam.museum/MultiMedia/Podcast.aspx,0
https://www.accupass.com/search?q=%E5%A4%A7%E8%BE%B2%E5%A4%A7%E5%AF%8C,1
https://www.koryu.or.jp/tw/business/study/other_program/,0
https://account.bnextmedia.com.tw/privacy-policy,0
https://www.accupass.com/search?q=%E5%A8%81%E5%A3%AB%E5%BF%8C,1
https://www.twse.com.tw/zh/page/products/securities/stocks.html,0
https://edproduction.kktix.cc/events/hikaru2023,0
https://www.accupass.com/search?q=%E9%AB%94%E4%BD%8D%E6%B3%95,1
https://www.cmoney.tw/app/ItemContent.aspx?id=1812,0
https://isports.sa.gov.tw/apps/TIS/TIS02/TIS0201M_01V1.aspx?ACT_TP_CD=3&MENU_PRG_CD=1&ITEM_PRG_CD=3,0
https://www.accupass.com/search?q=%E8%87%BA%E5%8C%97,1
https://isports.sa.gov.tw/apps/QaList.aspx?MENU_CD=M11&ITEM_CD=T01&MENU_PRG_CD=95&ITEM_PRG_CD=1&SYS=TIS,0
https://common.tnnua.edu.tw/p/423-1050-787.php,0
https://www.accupass.com/search?q=%E8%97%9D%E8%A1%93%E7%B5%82%E7%B5%90%E8%AB%96,1
https://tpqc.com.tw/%E5%A0%B4%E5%9C%B0%E7%A7%9F%E7%94%A8/%E9%AB%98%E9%9B%84%E4%BF%A1%E7%BE%A9%E9%A4%A8/,0
https://travel.tycg.gov.tw/zh-tw/travel/districts,0
https://www.accupass.com/search?q=%E6%88%B6%E5%A4%96%E9%9B%BB%E5%BD%B1%E9%99%A2,1
https://www.ntmofa.gov.tw/content_1032.html,0
https://www.taichung.gov.tw/9957/Normalnodelist,0
https://www.accupass.com/search?q=%E7%83%98%E7%84%99,1
https://www.tfam.museum/Exhibition/Exhibition_Special.aspx?ddlLang=zh-tw&id=723,0
https://www.rdec.taichung.gov.tw/1299346/Nodelist,0
https://www.accupass.com/search?q=%E6%89%8B%E5%B7%A5%E7%9A%82,1
https://english.tpml.gov.taipei/,0
https://www.nmtl.gov.tw/information?uid=194&pid=152023,0
https://www.accupass.com/search?q=%E9%81%8A%E6%88%B2,1
https://www.taiwan.net.tw/m1.aspx?sNo=0000064,0
https://www.twse.com.tw/zh/page/announcement/auction.html,0
https://www.accupass.com/search?q=%E5%8C%97%E4%BA%AC,1
https://www.twse.com.tw/zh/page/about/company/service.html,0
https://www.twse.com.tw/zh/page/ETF/rank.html,0
https://www.accupass.com/search?q=%E7%B9%AA%E6%9C%AC,1
https://tmofa.tycg.gov.tw/ch/collections/application,0
https://pse.is/QGKSN,0
https://www.accupass.com/search?q=%E4%BA%BA%E9%9A%9B%E6%88%90%E9%95%B7,1
https://alerts.ncdr.nat.gov.tw/index.aspx?Mes=416484,0
https://www.koryu.or.jp/tw/business/study/grant/,0
"https://www.accupass.com/search?q=%E5%BF%83%E9%9D%88,%20%E6%88%90%E9%95%B7,%20%E5%AD%B8%E7%BF%92,%20%E8%97%9D%E8%A1%93%E6%B2%BB%E7%99%82,%20%E8%AB%AE%E5%95%86",1
https://www.104.com.tw/company/10r4uuvc,0
https://www.facebook.com/pages/%E5%9C%8B%E7%AB%8B%E8%87%BA%E7%81%A3%E5%9C%96%E6%9B%B8%E9%A4%A8/873109812704792,0
https://www.accupass.com/search?q=%EF%BC%83%E9%95%B7%E7%AC%9B,1
https://www.yatsen.gov.tw/activitysoonlist_258.html?date=2023/03/29,0
https://www.shoppingdesign.com.tw/members/follows?tab=my,0
https://www.accupass.com/search?q=%E7%B6%93%E7%87%9F%E7%AE%A1%E7%90%86,1
https://leopards.kktix.cc/events/c9367f25-11iwdy,0
https://www.kmfa.gov.tw/CollectionDetailC003110.aspx?Cond=88aa9b32-b0c9-4b79-848c-749cf260a70c,0
https://www.accupass.com/search?q=%E8%9E%A2%E7%81%AB%E8%9F%B2,1
https://www.twse.com.tw/zh/page/ETN/summary.html,0
https://support.kktix.com/,0
https://www.accupass.com/search?q=%E5%BD%A9%E7%B4%99%E6%8B%BC%E8%B2%BC,1
https://www.npm.gov.tw/Articles.aspx?sno=04012565&l=1,0
https://www.tainanoutlook.com/tourism_factory,0
https://www.taichung.gov.tw/10179/12878/?q=%E7%A6%8F%E5%88%A9,1
https://tpml.gov.taipei/News_Content.aspx?n=312ED56D937139DC&sms=78D644F2755ACCAA&s=8DDDD0F05DB72D26,0
https://www.koryu.or.jp/tw/about/taipei/culture/,0
https://www.taichung.gov.tw/10179/12878/?q=%E8%A3%9C%E5%8A%A9,1
https://www.taiwan.net.tw/m1.aspx?sno=0001106,0
https://www.tpqc.com.tw/?avia-element-paging=3,0
https://www.travel.taipei/zh-tw/news?category=%E6%B4%BB%E5%8B%95%E5%8F%8A%E6%99%AF%E9%BB%9E%E7%95%B0%E5%8B%95%E8%A8%8A%E6%81%AF&page=1,1
https://www.twse.com.tw/zh/page/products/indices/auth.html,0
https://www.youtube.com/channel/UCYLYBjgRZCeArwSJXpi36JA,0
https://www.travel.taipei/zh-tw/event-calendar?sortby=recently,1
https://tmc.taipei/resource/,0
https://www.npm.gov.tw/Exhibition-Content.aspx?sno=04011127&l=1,0
https://www.travel.taipei/zh-tw/activity?sortby=recently,1
https://www.taichung.gov.tw/10128/Lpsimplelist,0
https://www.twse.com.tw/zh/products/publication,0
https://www.travel.taipei/zh-tw/event-calendar?page=1,1
https://mops.twse.com.tw/mops/web/t68sb01_q1,0
https://philomedium.com/taxonomy/term/458,0
https://www.nhi.gov.tw/Content_List.aspx?n=B74E860D6E6492BE&topn=1E1039BE19C4DCAC,0
